{
	"ImportPath": "k8s.io/contrib/compare",
	"GoVersion": "go1.5",
	"Packages": [
		"./..."
	],
	"Deps": [
		{
			"ImportPath": "bitbucket.org/ww/goautoneg",
			"Comment": "null-5",
			"Rev": "'75cd24fc2f2c2a2088577d12123ddee5f54e0675'"
		},
		{
			"ImportPath": "github.com/Sirupsen/logrus",
			"Comment": "v0.6.2-10-g51fe59a",
			"Rev": "51fe59aca108dc5680109e7b2051cbdcfa5a253c"
		},
		{
			"ImportPath": "github.com/abbot/go-http-auth",
			"Rev": "c0ef4539dfab4d21c8ef20ba2924f9fc6f186d35"
		},
		{
			"ImportPath": "github.com/appc/spec/schema",
			"Comment": "v0.7.4",
			"Rev": "0875c991a496fe2b65ed296551c667b199a6bfb8"
		},
		{
			"ImportPath": "github.com/aws/aws-sdk-go/aws",
			"Comment": "v1.0.7",
			"Rev": "bf2f8fe7f45e68017086d069498638893feddf64"
		},
		{
			"ImportPath": "github.com/aws/aws-sdk-go/private/endpoints",
			"Comment": "v1.0.7",
			"Rev": "bf2f8fe7f45e68017086d069498638893feddf64"
		},
		{
			"ImportPath": "github.com/aws/aws-sdk-go/private/protocol/ec2query",
			"Comment": "v1.0.7",
			"Rev": "bf2f8fe7f45e68017086d069498638893feddf64"
		},
		{
			"ImportPath": "github.com/aws/aws-sdk-go/private/protocol/query",
			"Comment": "v1.0.7",
			"Rev": "bf2f8fe7f45e68017086d069498638893feddf64"
		},
		{
			"ImportPath": "github.com/aws/aws-sdk-go/private/protocol/rest",
			"Comment": "v1.0.7",
			"Rev": "bf2f8fe7f45e68017086d069498638893feddf64"
		},
		{
			"ImportPath": "github.com/aws/aws-sdk-go/private/protocol/xml/xmlutil",
			"Comment": "v1.0.7",
			"Rev": "bf2f8fe7f45e68017086d069498638893feddf64"
		},
		{
			"ImportPath": "github.com/aws/aws-sdk-go/private/signer/v4",
			"Comment": "v1.0.7",
			"Rev": "bf2f8fe7f45e68017086d069498638893feddf64"
		},
		{
			"ImportPath": "github.com/aws/aws-sdk-go/private/waiter",
			"Comment": "v1.0.7",
			"Rev": "bf2f8fe7f45e68017086d069498638893feddf64"
		},
		{
			"ImportPath": "github.com/aws/aws-sdk-go/service/autoscaling",
			"Comment": "v1.0.7",
			"Rev": "bf2f8fe7f45e68017086d069498638893feddf64"
		},
		{
			"ImportPath": "github.com/aws/aws-sdk-go/service/ec2",
			"Comment": "v1.0.7",
			"Rev": "bf2f8fe7f45e68017086d069498638893feddf64"
		},
		{
			"ImportPath": "github.com/aws/aws-sdk-go/service/elb",
			"Comment": "v1.0.7",
			"Rev": "bf2f8fe7f45e68017086d069498638893feddf64"
		},
		{
			"ImportPath": "github.com/beorn7/perks/quantile",
			"Rev": "b965b613227fddccbfffe13eae360ed3fa822f8d"
		},
		{
			"ImportPath": "github.com/blang/semver",
			"Comment": "v3.0.1",
			"Rev": "31b736133b98f26d5e078ec9eb591666edfd091f"
		},
		{
			"ImportPath": "github.com/bradfitz/http2",
			"Rev": "3e36af6d3af0e56fa3da71099f864933dea3d9fb"
		},
		{
			"ImportPath": "github.com/camlistore/camlistore/pkg/errorutil",
			"Rev": "9868aa0f8d8a93ff0b30ff0de46cc351b6b88b30"
		},
		{
			"ImportPath": "github.com/coreos/go-semver/semver",
			"Rev": "d043ae190b3202550d026daf009359bb5d761672"
		},
		{
			"ImportPath": "github.com/coreos/go-systemd/dbus",
			"Comment": "v4",
			"Rev": "b4a58d95188dd092ae20072bac14cece0e67c388"
		},
		{
			"ImportPath": "github.com/coreos/go-systemd/unit",
			"Comment": "v4",
			"Rev": "b4a58d95188dd092ae20072bac14cece0e67c388"
		},
		{
			"ImportPath": "github.com/coreos/go-systemd/util",
			"Comment": "v4",
			"Rev": "b4a58d95188dd092ae20072bac14cece0e67c388"
		},
		{
			"ImportPath": "github.com/coreos/rkt/api/v1alpha",
			"Comment": "v0.13.0-98-gddfa976",
			"Rev": "ddfa97689c1f8e89aff51368300c34da4c74091b"
		},
		{
			"ImportPath": "github.com/cpuguy83/go-md2man/md2man",
			"Comment": "v1.0.4",
			"Rev": "71acacd42f85e5e82f70a55327789582a5200a90"
		},
		{
			"ImportPath": "github.com/davecgh/go-spew/spew",
			"Rev": "3e6e67c4dcea3ac2f25fd4731abc0e1deaf36216"
		},
		{
			"ImportPath": "github.com/daviddengcn/go-colortext",
			"Rev": "b5c0891944c2f150ccc9d02aecf51b76c14c2948"
		},
		{
			"ImportPath": "github.com/dgrijalva/jwt-go",
			"Comment": "v2.2.0-23-g5ca8014",
			"Rev": "5ca80149b9d3f8b863af0e2bb6742e608603bd99"
		},
		{
			"ImportPath": "github.com/docker/docker/pkg/jsonmessage",
			"Comment": "v1.4.1-4831-g0f5c9d3",
			"Rev": "0f5c9d301b9b1cca66b3ea0f9dec3b5317d3686d"
		},
		{
			"ImportPath": "github.com/docker/docker/pkg/mount",
			"Comment": "v1.4.1-4831-g0f5c9d3",
			"Rev": "0f5c9d301b9b1cca66b3ea0f9dec3b5317d3686d"
		},
		{
			"ImportPath": "github.com/docker/docker/pkg/parsers",
			"Comment": "v1.4.1-4831-g0f5c9d3",
			"Rev": "0f5c9d301b9b1cca66b3ea0f9dec3b5317d3686d"
		},
		{
			"ImportPath": "github.com/docker/docker/pkg/symlink",
			"Comment": "v1.4.1-4831-g0f5c9d3",
			"Rev": "0f5c9d301b9b1cca66b3ea0f9dec3b5317d3686d"
		},
		{
			"ImportPath": "github.com/docker/docker/pkg/term",
			"Comment": "v1.4.1-4831-g0f5c9d3",
			"Rev": "0f5c9d301b9b1cca66b3ea0f9dec3b5317d3686d"
		},
		{
			"ImportPath": "github.com/docker/docker/pkg/timeutils",
			"Comment": "v1.4.1-4831-g0f5c9d3",
			"Rev": "0f5c9d301b9b1cca66b3ea0f9dec3b5317d3686d"
		},
		{
			"ImportPath": "github.com/docker/docker/pkg/units",
			"Comment": "v1.4.1-4831-g0f5c9d3",
			"Rev": "0f5c9d301b9b1cca66b3ea0f9dec3b5317d3686d"
		},
		{
			"ImportPath": "github.com/docker/spdystream",
			"Rev": "43bffc458d55aa784be658c9867fbefcfcb7fecf"
		},
		{
			"ImportPath": "github.com/emicklei/go-restful",
			"Comment": "v1.2",
			"Rev": "777bb3f19bcafe2575ffb2a3e46af92509ae9594"
		},
		{
			"ImportPath": "github.com/evanphx/json-patch",
			"Rev": "7dd4489c2eb6073e5a9d7746c3274c5b5f0387df"
		},
		{
			"ImportPath": "github.com/fsouza/go-dockerclient",
			"Rev": "1399676f53e6ccf46e0bf00751b21bed329bc60e"
		},
		{
			"ImportPath": "github.com/ghodss/yaml",
			"Rev": "73d445a93680fa1a78ae23a5839bad48f32ba1ee"
		},
		{
			"ImportPath": "github.com/go-ini/ini",
			"Comment": "v0-54-g2e44421",
			"Rev": "2e44421e256d82ebbf3d4d4fcabe8930b905eff3"
		},
		{
			"ImportPath": "github.com/godbus/dbus",
			"Comment": "v3",
			"Rev": "c7fdd8b5cd55e87b4e1f4e372cdb1db61dd6c66f"
		},
		{
			"ImportPath": "github.com/golang/glog",
			"Rev": "44145f04b68cf362d9c4df2182967c2275eaefed"
		},
		{
			"ImportPath": "github.com/golang/groupcache/lru",
			"Rev": "604ed5785183e59ae2789449d89e73f3a2a77987"
		},
		{
			"ImportPath": "github.com/golang/protobuf/proto",
			"Rev": "7f07925444bb51fa4cf9dfe6f7661876f8852275"
		},
		{
			"ImportPath": "github.com/google/cadvisor/api",
			"Comment": "v0.20.1",
			"Rev": "634965abc45557ed03c268bb193a00cfcbedbd32"
		},
		{
			"ImportPath": "github.com/google/cadvisor/cache/memory",
			"Comment": "v0.20.1",
			"Rev": "634965abc45557ed03c268bb193a00cfcbedbd32"
		},
		{
			"ImportPath": "github.com/google/cadvisor/collector",
			"Comment": "v0.20.1",
			"Rev": "634965abc45557ed03c268bb193a00cfcbedbd32"
		},
		{
			"ImportPath": "github.com/google/cadvisor/container",
			"Comment": "v0.20.1",
			"Rev": "634965abc45557ed03c268bb193a00cfcbedbd32"
		},
		{
			"ImportPath": "github.com/google/cadvisor/events",
			"Comment": "v0.20.1",
			"Rev": "634965abc45557ed03c268bb193a00cfcbedbd32"
		},
		{
			"ImportPath": "github.com/google/cadvisor/fs",
			"Comment": "v0.20.1",
			"Rev": "634965abc45557ed03c268bb193a00cfcbedbd32"
		},
		{
			"ImportPath": "github.com/google/cadvisor/healthz",
			"Comment": "v0.20.1",
			"Rev": "634965abc45557ed03c268bb193a00cfcbedbd32"
		},
		{
			"ImportPath": "github.com/google/cadvisor/http",
			"Comment": "v0.20.1",
			"Rev": "634965abc45557ed03c268bb193a00cfcbedbd32"
		},
		{
			"ImportPath": "github.com/google/cadvisor/info/v1",
			"Comment": "v0.20.1",
			"Rev": "634965abc45557ed03c268bb193a00cfcbedbd32"
		},
		{
			"ImportPath": "github.com/google/cadvisor/info/v2",
			"Comment": "v0.20.1",
			"Rev": "634965abc45557ed03c268bb193a00cfcbedbd32"
		},
		{
			"ImportPath": "github.com/google/cadvisor/manager",
			"Comment": "v0.20.1",
			"Rev": "634965abc45557ed03c268bb193a00cfcbedbd32"
		},
		{
			"ImportPath": "github.com/google/cadvisor/metrics",
			"Comment": "v0.20.1",
			"Rev": "634965abc45557ed03c268bb193a00cfcbedbd32"
		},
		{
			"ImportPath": "github.com/google/cadvisor/pages",
			"Comment": "v0.20.1",
			"Rev": "634965abc45557ed03c268bb193a00cfcbedbd32"
		},
		{
			"ImportPath": "github.com/google/cadvisor/storage",
			"Comment": "v0.20.1",
			"Rev": "634965abc45557ed03c268bb193a00cfcbedbd32"
		},
		{
			"ImportPath": "github.com/google/cadvisor/summary",
			"Comment": "v0.20.1",
			"Rev": "634965abc45557ed03c268bb193a00cfcbedbd32"
		},
		{
			"ImportPath": "github.com/google/cadvisor/utils",
			"Comment": "v0.20.1",
			"Rev": "634965abc45557ed03c268bb193a00cfcbedbd32"
		},
		{
			"ImportPath": "github.com/google/cadvisor/validate",
			"Comment": "v0.20.1",
			"Rev": "634965abc45557ed03c268bb193a00cfcbedbd32"
		},
		{
			"ImportPath": "github.com/google/cadvisor/version",
			"Comment": "v0.20.1",
			"Rev": "634965abc45557ed03c268bb193a00cfcbedbd32"
		},
		{
			"ImportPath": "github.com/google/gofuzz",
			"Rev": "bbcb9da2d746f8bdbd6a936686a0a6067ada0ec5"
		},
		{
			"ImportPath": "github.com/imdario/mergo",
			"Comment": "0.1.3-8-g6633656",
			"Rev": "6633656539c1639d9d78127b7d47c622b5d7b6dc"
		},
		{
			"ImportPath": "github.com/inconshreveable/mousetrap",
			"Rev": "76626ae9c91c4f2a10f34cad8ce83ea42c93bb75"
		},
		{
			"ImportPath": "github.com/influxdb/influxdb/client",
			"Comment": "v0.8.8",
			"Rev": "afde71eb1740fd763ab9450e1f700ba0e53c36d0"
		},
		{
			"ImportPath": "github.com/jmespath/go-jmespath",
			"Comment": "0.2.2",
			"Rev": "3433f3ea46d9f8019119e7dd41274e112a2359a9"
		},
		{
			"ImportPath": "github.com/juju/ratelimit",
			"Rev": "77ed1c8a01217656d2080ad51981f6e99adaa177"
		},
		{
			"ImportPath": "github.com/kr/pty",
			"Comment": "release.r56-25-g05017fc",
			"Rev": "05017fcccf23c823bfdea560dcc958a136e54fb7"
		},
		{
			"ImportPath": "github.com/matttproud/golang_protobuf_extensions/pbutil",
			"Rev": "fc2b8d3a73c4867e51861bbdd5ae3c1f0869dd6a"
		},
		{
			"ImportPath": "github.com/onsi/ginkgo",
			"Comment": "v1.2.0-6-gd981d36",
			"Rev": "d981d36e9884231afa909627b9c275e4ba678f90"
		},
		{
			"ImportPath": "github.com/onsi/gomega",
			"Comment": "v1.0-28-g8adf9e1",
			"Rev": "8adf9e1730c55cdc590de7d49766cb2acc88d8f2"
		},
		{
			"ImportPath": "github.com/opencontainers/runc/libcontainer",
			"Comment": "v0.0.5",
			"Rev": "97bc9a7faf3dd660d9be90a2880b2e37f3cdbf38"
		},
		{
			"ImportPath": "github.com/pborman/uuid",
			"Rev": "ca53cad383cad2479bbba7f7a1a05797ec1386e4"
		},
		{
			"ImportPath": "github.com/prometheus/client_golang/prometheus",
			"Comment": "0.7.0-39-g3b78d7a",
			"Rev": "3b78d7a77f51ccbc364d4bc170920153022cfd08"
		},
		{
			"ImportPath": "github.com/prometheus/client_model/go",
			"Comment": "model-0.0.2-12-gfa8ad6f",
			"Rev": "fa8ad6fec33561be4280a8f0514318c79d7f6cb6"
		},
		{
			"ImportPath": "github.com/prometheus/common/expfmt",
			"Rev": "ef7a9a5fb138aa5d3a19988537606226869a0390"
		},
		{
			"ImportPath": "github.com/prometheus/common/model",
			"Rev": "ef7a9a5fb138aa5d3a19988537606226869a0390"
		},
		{
			"ImportPath": "github.com/prometheus/procfs",
			"Rev": "490cc6eb5fa45bf8a8b7b73c8bc82a8160e8531d"
		},
		{
			"ImportPath": "github.com/russross/blackfriday",
			"Comment": "v1.2-42-g77efab5",
			"Rev": "77efab57b2f74dd3f9051c79752b2e8995c8b789"
		},
		{
			"ImportPath": "github.com/scalingdata/gcfg",
			"Rev": "37aabad69cfd3d20b8390d902a8b10e245c615ff"
		},
		{
			"ImportPath": "github.com/seccomp/libseccomp-golang",
			"Rev": "1b506fc7c24eec5a3693cdcbed40d9c226cfc6a1"
		},
		{
			"ImportPath": "github.com/shurcooL/sanitized_anchor_name",
			"Rev": "9a8b7d4e8f347bfa230879db9d7d4e4d9e19f962"
		},
		{
			"ImportPath": "github.com/spf13/cobra",
			"Rev": "1c44ec8d3f1552cac48999f9306da23c4d8a288b"
		},
		{
			"ImportPath": "github.com/spf13/pflag",
			"Rev": "08b1a584251b5b62f458943640fc8ebd4d50aaa5"
		},
		{
			"ImportPath": "github.com/stretchr/objx",
			"Rev": "d40df0cc104c06eae2dfe03d7dddb83802d52f9a"
		},
		{
			"ImportPath": "github.com/stretchr/testify/assert",
			"Comment": "v1.0-17-g089c718",
			"Rev": "089c7181b8c728499929ff09b62d3fdd8df8adff"
		},
		{
			"ImportPath": "github.com/stretchr/testify/mock",
			"Comment": "v1.0-17-g089c718",
			"Rev": "089c7181b8c728499929ff09b62d3fdd8df8adff"
		},
		{
			"ImportPath": "github.com/syndtr/gocapability/capability",
			"Rev": "2c00daeb6c3b45114c80ac44119e7b8801fdd852"
		},
		{
			"ImportPath": "github.com/ugorji/go/codec",
			"Rev": "f1f1a805ed361a0e078bb537e4ea78cd37dcf065"
		},
		{
			"ImportPath": "github.com/vishvananda/netlink",
			"Rev": "1e2e08e8a2dcdacaae3f14ac44c5cfa31361f270"
		},
		{
			"ImportPath": "golang.org/x/crypto/ssh",
			"Rev": "c84e1f8e3a7e322d497cd16c0e8a13c7e127baf3"
		},
		{
			"ImportPath": "golang.org/x/exp/inotify",
			"Rev": "d00e13ec443927751b2bd49e97dea7bf3b6a6487"
		},
		{
			"ImportPath": "golang.org/x/net/context",
			"Rev": "c2528b2dd8352441850638a8bb678c2ad056fd3e"
		},
		{
			"ImportPath": "golang.org/x/net/internal/timeseries",
			"Rev": "c2528b2dd8352441850638a8bb678c2ad056fd3e"
		},
		{
			"ImportPath": "golang.org/x/net/trace",
			"Rev": "c2528b2dd8352441850638a8bb678c2ad056fd3e"
		},
		{
			"ImportPath": "golang.org/x/net/websocket",
			"Rev": "c2528b2dd8352441850638a8bb678c2ad056fd3e"
		},
		{
			"ImportPath": "golang.org/x/oauth2",
			"Rev": "b5adcc2dcdf009d0391547edc6ecbaff889f5bb9"
		},
		{
			"ImportPath": "google.golang.org/api/compute/v1",
			"Rev": "0c2979aeaa5b573e60d3ddffe5ce8dca8df309bd"
		},
		{
			"ImportPath": "google.golang.org/api/container/v1",
			"Rev": "0c2979aeaa5b573e60d3ddffe5ce8dca8df309bd"
		},
		{
			"ImportPath": "google.golang.org/api/googleapi",
			"Rev": "0c2979aeaa5b573e60d3ddffe5ce8dca8df309bd"
		},
		{
			"ImportPath": "google.golang.org/cloud/compute/metadata",
			"Rev": "2e43671e4ad874a7bca65746ff3edb38e6e93762"
		},
		{
			"ImportPath": "google.golang.org/cloud/internal",
			"Rev": "2e43671e4ad874a7bca65746ff3edb38e6e93762"
		},
		{
			"ImportPath": "google.golang.org/grpc",
			"Rev": "4bd040ce23a624ff9a1d07b0e729ee189bddd51c"
		},
		{
			"ImportPath": "gopkg.in/yaml.v2",
			"Rev": "d466437aa4adc35830964cffc5b5f262c63ddcb4"
		},
		{
			"ImportPath": "k8s.io/kubernetes/pkg/admission",
			"Comment": "v1.2.0-alpha.6-112-g1d8576a",
			"Rev": "1d8576a486b47c8fe688d716869fac5cec6889a0"
		},
		{
			"ImportPath": "k8s.io/kubernetes/pkg/api",
			"Comment": "v1.2.0-alpha.6-112-g1d8576a",
			"Rev": "1d8576a486b47c8fe688d716869fac5cec6889a0"
		},
		{
			"ImportPath": "k8s.io/kubernetes/pkg/apis/componentconfig",
			"Comment": "v1.2.0-alpha.6-112-g1d8576a",
			"Rev": "1d8576a486b47c8fe688d716869fac5cec6889a0"
		},
		{
			"ImportPath": "k8s.io/kubernetes/pkg/apis/extensions",
			"Comment": "v1.2.0-alpha.6-112-g1d8576a",
			"Rev": "1d8576a486b47c8fe688d716869fac5cec6889a0"
		},
		{
			"ImportPath": "k8s.io/kubernetes/pkg/apis/metrics",
			"Comment": "v1.2.0-alpha.6-112-g1d8576a",
			"Rev": "1d8576a486b47c8fe688d716869fac5cec6889a0"
		},
		{
			"ImportPath": "k8s.io/kubernetes/pkg/auth/authenticator",
			"Comment": "v1.2.0-alpha.6-112-g1d8576a",
			"Rev": "1d8576a486b47c8fe688d716869fac5cec6889a0"
		},
		{
			"ImportPath": "k8s.io/kubernetes/pkg/auth/authorizer",
			"Comment": "v1.2.0-alpha.6-112-g1d8576a",
			"Rev": "1d8576a486b47c8fe688d716869fac5cec6889a0"
		},
		{
			"ImportPath": "k8s.io/kubernetes/pkg/auth/user",
			"Comment": "v1.2.0-alpha.6-112-g1d8576a",
			"Rev": "1d8576a486b47c8fe688d716869fac5cec6889a0"
		},
		{
			"ImportPath": "k8s.io/kubernetes/pkg/capabilities",
			"Comment": "v1.2.0-alpha.6-112-g1d8576a",
			"Rev": "1d8576a486b47c8fe688d716869fac5cec6889a0"
		},
		{
			"ImportPath": "k8s.io/kubernetes/pkg/client/cache",
			"Comment": "v1.2.0-alpha.6-112-g1d8576a",
			"Rev": "1d8576a486b47c8fe688d716869fac5cec6889a0"
		},
		{
			"ImportPath": "k8s.io/kubernetes/pkg/client/metrics",
			"Comment": "v1.2.0-alpha.6-112-g1d8576a",
			"Rev": "1d8576a486b47c8fe688d716869fac5cec6889a0"
		},
		{
			"ImportPath": "k8s.io/kubernetes/pkg/client/record",
			"Comment": "v1.2.0-alpha.6-112-g1d8576a",
			"Rev": "1d8576a486b47c8fe688d716869fac5cec6889a0"
		},
		{
			"ImportPath": "k8s.io/kubernetes/pkg/client/transport",
			"Comment": "v1.2.0-alpha.6-112-g1d8576a",
			"Rev": "1d8576a486b47c8fe688d716869fac5cec6889a0"
		},
		{
			"ImportPath": "k8s.io/kubernetes/pkg/client/unversioned",
			"Comment": "v1.2.0-alpha.6-112-g1d8576a",
			"Rev": "1d8576a486b47c8fe688d716869fac5cec6889a0"
		},
		{
			"ImportPath": "k8s.io/kubernetes/pkg/cloudprovider",
			"Comment": "v1.2.0-alpha.6-112-g1d8576a",
			"Rev": "1d8576a486b47c8fe688d716869fac5cec6889a0"
		},
		{
			"ImportPath": "k8s.io/kubernetes/pkg/controller/framework",
			"Comment": "v1.2.0-alpha.6-112-g1d8576a",
			"Rev": "1d8576a486b47c8fe688d716869fac5cec6889a0"
		},
		{
			"ImportPath": "k8s.io/kubernetes/pkg/conversion",
			"Comment": "v1.2.0-alpha.6-112-g1d8576a",
			"Rev": "1d8576a486b47c8fe688d716869fac5cec6889a0"
		},
		{
			"ImportPath": "k8s.io/kubernetes/pkg/credentialprovider",
			"Comment": "v1.2.0-alpha.6-112-g1d8576a",
			"Rev": "1d8576a486b47c8fe688d716869fac5cec6889a0"
		},
		{
			"ImportPath": "k8s.io/kubernetes/pkg/fieldpath",
			"Comment": "v1.2.0-alpha.6-112-g1d8576a",
			"Rev": "1d8576a486b47c8fe688d716869fac5cec6889a0"
		},
		{
			"ImportPath": "k8s.io/kubernetes/pkg/fields",
			"Comment": "v1.2.0-alpha.6-112-g1d8576a",
			"Rev": "1d8576a486b47c8fe688d716869fac5cec6889a0"
		},
		{
			"ImportPath": "k8s.io/kubernetes/pkg/healthz",
			"Comment": "v1.2.0-alpha.6-112-g1d8576a",
			"Rev": "1d8576a486b47c8fe688d716869fac5cec6889a0"
		},
		{
			"ImportPath": "k8s.io/kubernetes/pkg/httplog",
			"Comment": "v1.2.0-alpha.6-112-g1d8576a",
			"Rev": "1d8576a486b47c8fe688d716869fac5cec6889a0"
		},
		{
			"ImportPath": "k8s.io/kubernetes/pkg/kubectl",
			"Comment": "v1.2.0-alpha.6-112-g1d8576a",
			"Rev": "1d8576a486b47c8fe688d716869fac5cec6889a0"
		},
		{
			"ImportPath": "k8s.io/kubernetes/pkg/kubelet",
			"Comment": "v1.2.0-alpha.6-112-g1d8576a",
			"Rev": "1d8576a486b47c8fe688d716869fac5cec6889a0"
		},
		{
			"ImportPath": "k8s.io/kubernetes/pkg/labels",
			"Comment": "v1.2.0-alpha.6-112-g1d8576a",
			"Rev": "1d8576a486b47c8fe688d716869fac5cec6889a0"
		},
		{
			"ImportPath": "k8s.io/kubernetes/pkg/master/ports",
			"Comment": "v1.2.0-alpha.6-112-g1d8576a",
			"Rev": "1d8576a486b47c8fe688d716869fac5cec6889a0"
		},
		{
			"ImportPath": "k8s.io/kubernetes/pkg/metrics",
			"Comment": "v1.2.0-alpha.6-112-g1d8576a",
			"Rev": "1d8576a486b47c8fe688d716869fac5cec6889a0"
		},
		{
			"ImportPath": "k8s.io/kubernetes/pkg/probe",
			"Comment": "v1.2.0-alpha.6-112-g1d8576a",
			"Rev": "1d8576a486b47c8fe688d716869fac5cec6889a0"
		},
		{
			"ImportPath": "k8s.io/kubernetes/pkg/runtime",
			"Comment": "v1.2.0-alpha.6-112-g1d8576a",
			"Rev": "1d8576a486b47c8fe688d716869fac5cec6889a0"
		},
		{
			"ImportPath": "k8s.io/kubernetes/pkg/securitycontext",
			"Comment": "v1.2.0-alpha.6-112-g1d8576a",
			"Rev": "1d8576a486b47c8fe688d716869fac5cec6889a0"
		},
		{
			"ImportPath": "k8s.io/kubernetes/pkg/serviceaccount",
			"Comment": "v1.2.0-alpha.6-112-g1d8576a",
			"Rev": "1d8576a486b47c8fe688d716869fac5cec6889a0"
		},
		{
			"ImportPath": "k8s.io/kubernetes/pkg/types",
			"Comment": "v1.2.0-alpha.6-112-g1d8576a",
			"Rev": "1d8576a486b47c8fe688d716869fac5cec6889a0"
		},
		{
			"ImportPath": "k8s.io/kubernetes/pkg/util",
			"Comment": "v1.2.0-alpha.6-112-g1d8576a",
			"Rev": "1d8576a486b47c8fe688d716869fac5cec6889a0"
		},
		{
			"ImportPath": "k8s.io/kubernetes/pkg/version",
			"Comment": "v1.2.0-alpha.6-112-g1d8576a",
			"Rev": "1d8576a486b47c8fe688d716869fac5cec6889a0"
		},
		{
			"ImportPath": "k8s.io/kubernetes/pkg/volume",
			"Comment": "v1.2.0-alpha.6-112-g1d8576a",
			"Rev": "1d8576a486b47c8fe688d716869fac5cec6889a0"
		},
		{
			"ImportPath": "k8s.io/kubernetes/pkg/watch",
			"Comment": "v1.2.0-alpha.6-112-g1d8576a",
			"Rev": "1d8576a486b47c8fe688d716869fac5cec6889a0"
		},
		{
			"ImportPath": "k8s.io/kubernetes/plugin/pkg/admission/serviceaccount",
			"Comment": "v1.2.0-alpha.6-112-g1d8576a",
			"Rev": "1d8576a486b47c8fe688d716869fac5cec6889a0"
		},
		{
			"ImportPath": "k8s.io/kubernetes/plugin/pkg/scheduler/algorithm",
			"Comment": "v1.2.0-alpha.6-112-g1d8576a",
			"Rev": "1d8576a486b47c8fe688d716869fac5cec6889a0"
		},
		{
			"ImportPath": "k8s.io/kubernetes/plugin/pkg/scheduler/api",
			"Comment": "v1.2.0-alpha.6-112-g1d8576a",
			"Rev": "1d8576a486b47c8fe688d716869fac5cec6889a0"
		},
		{
			"ImportPath": "k8s.io/kubernetes/test/e2e",
			"Comment": "v1.2.0-alpha.6-112-g1d8576a",
			"Rev": "1d8576a486b47c8fe688d716869fac5cec6889a0"
		},
		{
			"ImportPath": "k8s.io/kubernetes/third_party/forked/json",
			"Comment": "v1.2.0-alpha.6-112-g1d8576a",
			"Rev": "1d8576a486b47c8fe688d716869fac5cec6889a0"
		},
		{
			"ImportPath": "k8s.io/kubernetes/third_party/forked/reflect",
			"Comment": "v1.2.0-alpha.6-112-g1d8576a",
			"Rev": "1d8576a486b47c8fe688d716869fac5cec6889a0"
		},
		{
			"ImportPath": "k8s.io/kubernetes/third_party/golang/expansion",
			"Comment": "v1.2.0-alpha.6-112-g1d8576a",
			"Rev": "1d8576a486b47c8fe688d716869fac5cec6889a0"
		},
		{
			"ImportPath": "k8s.io/kubernetes/third_party/golang/netutil",
			"Comment": "v1.2.0-alpha.6-112-g1d8576a",
			"Rev": "1d8576a486b47c8fe688d716869fac5cec6889a0"
		},
		{
			"ImportPath": "k8s.io/kubernetes/third_party/golang/template",
			"Comment": "v1.2.0-alpha.6-112-g1d8576a",
			"Rev": "1d8576a486b47c8fe688d716869fac5cec6889a0"
		},
		{
			"ImportPath": "speter.net/go/exp/math/dec/inf",
			"Rev": "42ca6cd68aa922bc3f32f1e056e61b65945d9ad7"
		}
	]
}
