{
	"ImportPath": "k8s.io/contrib/addon-resizer",
	"GoVersion": "go1.6",
	"GodepVersion": "v74",
	"Packages": [
		"./..."
	],
	"Deps": [
		{
			"ImportPath": "github.com/beorn7/perks/quantile",
			"Rev": "3ac7bf7a47d159a033b107610db8a1b6575507a4"
		},
		{
			"ImportPath": "github.com/blang/semver",
			"Comment": "v3.0.1",
			"Rev": "31b736133b98f26d5e078ec9eb591666edfd091f"
		},
		{
			"ImportPath": "github.com/davecgh/go-spew/spew",
			"Rev": "5215b55f46b2b919f50a1df0eaa5886afe4e3b3d"
		},
		{
			"ImportPath": "github.com/docker/distribution/digest",
			"Comment": "v2.4.0-rc.1-38-gcd27f17",
			"Rev": "cd27f179f2c10c5d300e6d09025b538c475b0d51"
		},
		{
			"ImportPath": "github.com/docker/distribution/reference",
			"Comment": "v2.4.0-rc.1-38-gcd27f17",
			"Rev": "cd27f179f2c10c5d300e6d09025b538c475b0d51"
		},
		{
			"ImportPath": "github.com/docker/docker/pkg/mount",
			"Comment": "v1.4.1-4831-g0f5c9d3",
			"Rev": "0f5c9d301b9b1cca66b3ea0f9dec3b5317d3686d"
		},
		{
			"ImportPath": "github.com/docker/go-units",
			"Comment": "v0.1.0-21-g0bbddae",
			"Rev": "0bbddae09c5a5419a8c6dcdd7ff90da3d450393b"
		},
		{
			"ImportPath": "github.com/emicklei/go-restful",
			"Comment": "v1.2-54-g7c47e25",
			"Rev": "7c47e2558a0bbbaba9ecab06bc6681e73028a28a"
		},
		{
			"ImportPath": "github.com/emicklei/go-restful/log",
			"Comment": "v1.2-54-g7c47e25",
			"Rev": "7c47e2558a0bbbaba9ecab06bc6681e73028a28a"
		},
		{
			"ImportPath": "github.com/emicklei/go-restful/swagger",
			"Comment": "v1.2-54-g7c47e25",
			"Rev": "7c47e2558a0bbbaba9ecab06bc6681e73028a28a"
		},
		{
			"ImportPath": "github.com/ghodss/yaml",
			"Rev": "73d445a93680fa1a78ae23a5839bad48f32ba1ee"
		},
		{
			"ImportPath": "github.com/gogo/protobuf/proto",
			"Comment": "v0.1-125-g82d16f7",
			"Rev": "82d16f734d6d871204a3feb1a73cb220cc92574c"
		},
		{
			"ImportPath": "github.com/golang/glog",
			"Rev": "44145f04b68cf362d9c4df2182967c2275eaefed"
		},
		{
			"ImportPath": "github.com/golang/protobuf/proto",
			"Rev": "b982704f8bb716bb608144408cff30e15fbde841"
		},
		{
			"ImportPath": "github.com/google/gofuzz",
			"Rev": "bbcb9da2d746f8bdbd6a936686a0a6067ada0ec5"
		},
		{
			"ImportPath": "github.com/juju/ratelimit",
			"Rev": "77ed1c8a01217656d2080ad51981f6e99adaa177"
		},
		{
			"ImportPath": "github.com/matttproud/golang_protobuf_extensions/pbutil",
			"Rev": "fc2b8d3a73c4867e51861bbdd5ae3c1f0869dd6a"
		},
		{
			"ImportPath": "github.com/opencontainers/runc/libcontainer/cgroups",
			"Comment": "v0.0.7",
			"Rev": "7ca2aa4873aea7cb4265b1726acb24b90d8726c6"
		},
		{
			"ImportPath": "github.com/opencontainers/runc/libcontainer/cgroups/fs",
			"Comment": "v0.0.7",
			"Rev": "7ca2aa4873aea7cb4265b1726acb24b90d8726c6"
		},
		{
			"ImportPath": "github.com/opencontainers/runc/libcontainer/configs",
			"Comment": "v0.0.7",
			"Rev": "7ca2aa4873aea7cb4265b1726acb24b90d8726c6"
		},
		{
			"ImportPath": "github.com/opencontainers/runc/libcontainer/system",
			"Comment": "v0.0.7",
			"Rev": "7ca2aa4873aea7cb4265b1726acb24b90d8726c6"
		},
		{
			"ImportPath": "github.com/pborman/uuid",
			"Rev": "ca53cad383cad2479bbba7f7a1a05797ec1386e4"
		},
		{
			"ImportPath": "github.com/prometheus/client_golang/prometheus",
			"Comment": "0.7.0-39-g3b78d7a",
			"Rev": "3b78d7a77f51ccbc364d4bc170920153022cfd08"
		},
		{
			"ImportPath": "github.com/prometheus/client_model/go",
			"Comment": "model-0.0.2-12-gfa8ad6f",
			"Rev": "fa8ad6fec33561be4280a8f0514318c79d7f6cb6"
		},
		{
			"ImportPath": "github.com/prometheus/common/expfmt",
			"Rev": "a6ab08426bb262e2d190097751f5cfd1cfdfd17d"
		},
		{
			"ImportPath": "github.com/prometheus/common/internal/bitbucket.org/ww/goautoneg",
			"Rev": "a6ab08426bb262e2d190097751f5cfd1cfdfd17d"
		},
		{
			"ImportPath": "github.com/prometheus/common/model",
			"Rev": "a6ab08426bb262e2d190097751f5cfd1cfdfd17d"
		},
		{
			"ImportPath": "github.com/prometheus/procfs",
			"Rev": "490cc6eb5fa45bf8a8b7b73c8bc82a8160e8531d"
		},
		{
			"ImportPath": "github.com/spf13/pflag",
			"Rev": "08b1a584251b5b62f458943640fc8ebd4d50aaa5"
		},
		{
			"ImportPath": "github.com/ugorji/go/codec",
			"Rev": "f4485b318aadd133842532f841dc205a8e339d74"
		},
		{
			"ImportPath": "golang.org/x/net/context",
			"Rev": "62685c2d7ca23c807425dca88b11a3e2323dab41"
		},
		{
			"ImportPath": "golang.org/x/net/http2",
			"Rev": "62685c2d7ca23c807425dca88b11a3e2323dab41"
		},
		{
			"ImportPath": "golang.org/x/net/http2/hpack",
			"Rev": "62685c2d7ca23c807425dca88b11a3e2323dab41"
		},
		{
			"ImportPath": "gopkg.in/inf.v0",
			"Comment": "v0.9.0",
			"Rev": "3887ee99ecf07df5b447e9b00d9c0b2adaa9f3e4"
		},
		{
			"ImportPath": "gopkg.in/yaml.v2",
			"Rev": "a83829b6f1293c91addabc89d0571c246397bbf4"
		},
		{
			"ImportPath": "k8s.io/kubernetes/pkg/api",
			"Comment": "v1.3.0-alpha.5-165-g7476d97",
			"Rev": "7476d97781563b70e8b89a8bd3f99ea75ae6c290"
		},
		{
			"ImportPath": "k8s.io/kubernetes/pkg/api/endpoints",
			"Comment": "v1.3.0-alpha.5-165-g7476d97",
			"Rev": "7476d97781563b70e8b89a8bd3f99ea75ae6c290"
		},
		{
			"ImportPath": "k8s.io/kubernetes/pkg/api/errors",
			"Comment": "v1.3.0-alpha.5-165-g7476d97",
			"Rev": "7476d97781563b70e8b89a8bd3f99ea75ae6c290"
		},
		{
			"ImportPath": "k8s.io/kubernetes/pkg/api/install",
			"Comment": "v1.3.0-alpha.5-165-g7476d97",
			"Rev": "7476d97781563b70e8b89a8bd3f99ea75ae6c290"
		},
		{
			"ImportPath": "k8s.io/kubernetes/pkg/api/meta",
			"Comment": "v1.3.0-alpha.5-165-g7476d97",
			"Rev": "7476d97781563b70e8b89a8bd3f99ea75ae6c290"
		},
		{
			"ImportPath": "k8s.io/kubernetes/pkg/api/meta/metatypes",
			"Comment": "v1.3.0-alpha.5-165-g7476d97",
			"Rev": "7476d97781563b70e8b89a8bd3f99ea75ae6c290"
		},
		{
			"ImportPath": "k8s.io/kubernetes/pkg/api/pod",
			"Comment": "v1.3.0-alpha.5-165-g7476d97",
			"Rev": "7476d97781563b70e8b89a8bd3f99ea75ae6c290"
		},
		{
			"ImportPath": "k8s.io/kubernetes/pkg/api/resource",
			"Comment": "v1.3.0-alpha.5-165-g7476d97",
			"Rev": "7476d97781563b70e8b89a8bd3f99ea75ae6c290"
		},
		{
			"ImportPath": "k8s.io/kubernetes/pkg/api/service",
			"Comment": "v1.3.0-alpha.5-165-g7476d97",
			"Rev": "7476d97781563b70e8b89a8bd3f99ea75ae6c290"
		},
		{
			"ImportPath": "k8s.io/kubernetes/pkg/api/unversioned",
			"Comment": "v1.3.0-alpha.5-165-g7476d97",
			"Rev": "7476d97781563b70e8b89a8bd3f99ea75ae6c290"
		},
		{
			"ImportPath": "k8s.io/kubernetes/pkg/api/unversioned/validation",
			"Comment": "v1.3.0-alpha.5-165-g7476d97",
			"Rev": "7476d97781563b70e8b89a8bd3f99ea75ae6c290"
		},
		{
			"ImportPath": "k8s.io/kubernetes/pkg/api/util",
			"Comment": "v1.3.0-alpha.5-165-g7476d97",
			"Rev": "7476d97781563b70e8b89a8bd3f99ea75ae6c290"
		},
		{
			"ImportPath": "k8s.io/kubernetes/pkg/api/v1",
			"Comment": "v1.3.0-alpha.5-165-g7476d97",
			"Rev": "7476d97781563b70e8b89a8bd3f99ea75ae6c290"
		},
		{
			"ImportPath": "k8s.io/kubernetes/pkg/api/validation",
			"Comment": "v1.3.0-alpha.5-165-g7476d97",
			"Rev": "7476d97781563b70e8b89a8bd3f99ea75ae6c290"
		},
		{
			"ImportPath": "k8s.io/kubernetes/pkg/apimachinery",
			"Comment": "v1.3.0-alpha.5-165-g7476d97",
			"Rev": "7476d97781563b70e8b89a8bd3f99ea75ae6c290"
		},
		{
			"ImportPath": "k8s.io/kubernetes/pkg/apimachinery/registered",
			"Comment": "v1.3.0-alpha.5-165-g7476d97",
			"Rev": "7476d97781563b70e8b89a8bd3f99ea75ae6c290"
		},
		{
			"ImportPath": "k8s.io/kubernetes/pkg/apis/apps",
			"Comment": "v1.3.0-alpha.5-165-g7476d97",
			"Rev": "7476d97781563b70e8b89a8bd3f99ea75ae6c290"
		},
		{
			"ImportPath": "k8s.io/kubernetes/pkg/apis/authorization",
			"Comment": "v1.3.0-alpha.5-165-g7476d97",
			"Rev": "7476d97781563b70e8b89a8bd3f99ea75ae6c290"
		},
		{
			"ImportPath": "k8s.io/kubernetes/pkg/apis/authorization/install",
			"Comment": "v1.3.0-alpha.5-165-g7476d97",
			"Rev": "7476d97781563b70e8b89a8bd3f99ea75ae6c290"
		},
		{
			"ImportPath": "k8s.io/kubernetes/pkg/apis/authorization/v1beta1",
			"Comment": "v1.3.0-alpha.5-165-g7476d97",
			"Rev": "7476d97781563b70e8b89a8bd3f99ea75ae6c290"
		},
		{
			"ImportPath": "k8s.io/kubernetes/pkg/apis/autoscaling",
			"Comment": "v1.3.0-alpha.5-165-g7476d97",
			"Rev": "7476d97781563b70e8b89a8bd3f99ea75ae6c290"
		},
		{
			"ImportPath": "k8s.io/kubernetes/pkg/apis/autoscaling/install",
			"Comment": "v1.3.0-alpha.5-165-g7476d97",
			"Rev": "7476d97781563b70e8b89a8bd3f99ea75ae6c290"
		},
		{
			"ImportPath": "k8s.io/kubernetes/pkg/apis/autoscaling/v1",
			"Comment": "v1.3.0-alpha.5-165-g7476d97",
			"Rev": "7476d97781563b70e8b89a8bd3f99ea75ae6c290"
		},
		{
			"ImportPath": "k8s.io/kubernetes/pkg/apis/batch",
			"Comment": "v1.3.0-alpha.5-165-g7476d97",
			"Rev": "7476d97781563b70e8b89a8bd3f99ea75ae6c290"
		},
		{
			"ImportPath": "k8s.io/kubernetes/pkg/apis/batch/install",
			"Comment": "v1.3.0-alpha.5-165-g7476d97",
			"Rev": "7476d97781563b70e8b89a8bd3f99ea75ae6c290"
		},
		{
			"ImportPath": "k8s.io/kubernetes/pkg/apis/batch/v1",
			"Comment": "v1.3.0-alpha.5-165-g7476d97",
			"Rev": "7476d97781563b70e8b89a8bd3f99ea75ae6c290"
		},
		{
			"ImportPath": "k8s.io/kubernetes/pkg/apis/batch/v2alpha1",
			"Comment": "v1.3.0-alpha.5-165-g7476d97",
			"Rev": "7476d97781563b70e8b89a8bd3f99ea75ae6c290"
		},
		{
			"ImportPath": "k8s.io/kubernetes/pkg/apis/componentconfig",
			"Comment": "v1.3.0-alpha.5-165-g7476d97",
			"Rev": "7476d97781563b70e8b89a8bd3f99ea75ae6c290"
		},
		{
			"ImportPath": "k8s.io/kubernetes/pkg/apis/componentconfig/install",
			"Comment": "v1.3.0-alpha.5-165-g7476d97",
			"Rev": "7476d97781563b70e8b89a8bd3f99ea75ae6c290"
		},
		{
			"ImportPath": "k8s.io/kubernetes/pkg/apis/componentconfig/v1alpha1",
			"Comment": "v1.3.0-alpha.5-165-g7476d97",
			"Rev": "7476d97781563b70e8b89a8bd3f99ea75ae6c290"
		},
		{
			"ImportPath": "k8s.io/kubernetes/pkg/apis/extensions",
			"Comment": "v1.3.0-alpha.5-165-g7476d97",
			"Rev": "7476d97781563b70e8b89a8bd3f99ea75ae6c290"
		},
		{
			"ImportPath": "k8s.io/kubernetes/pkg/apis/extensions/install",
			"Comment": "v1.3.0-alpha.5-165-g7476d97",
			"Rev": "7476d97781563b70e8b89a8bd3f99ea75ae6c290"
		},
		{
			"ImportPath": "k8s.io/kubernetes/pkg/apis/extensions/v1beta1",
			"Comment": "v1.3.0-alpha.5-165-g7476d97",
			"Rev": "7476d97781563b70e8b89a8bd3f99ea75ae6c290"
		},
		{
			"ImportPath": "k8s.io/kubernetes/pkg/auth/user",
			"Comment": "v1.3.0-alpha.5-165-g7476d97",
			"Rev": "7476d97781563b70e8b89a8bd3f99ea75ae6c290"
		},
		{
			"ImportPath": "k8s.io/kubernetes/pkg/capabilities",
			"Comment": "v1.3.0-alpha.5-165-g7476d97",
			"Rev": "7476d97781563b70e8b89a8bd3f99ea75ae6c290"
		},
		{
			"ImportPath": "k8s.io/kubernetes/pkg/client/cache",
			"Comment": "v1.3.0-alpha.5-165-g7476d97",
			"Rev": "7476d97781563b70e8b89a8bd3f99ea75ae6c290"
		},
		{
			"ImportPath": "k8s.io/kubernetes/pkg/client/clientset_generated/release_1_3",
			"Comment": "v1.3.0-alpha.5-165-g7476d97",
			"Rev": "7476d97781563b70e8b89a8bd3f99ea75ae6c290"
		},
		{
			"ImportPath": "k8s.io/kubernetes/pkg/client/clientset_generated/release_1_3/typed/autoscaling/v1",
			"Comment": "v1.3.0-alpha.5-165-g7476d97",
			"Rev": "7476d97781563b70e8b89a8bd3f99ea75ae6c290"
		},
		{
			"ImportPath": "k8s.io/kubernetes/pkg/client/clientset_generated/release_1_3/typed/batch/v1",
			"Comment": "v1.3.0-alpha.5-165-g7476d97",
			"Rev": "7476d97781563b70e8b89a8bd3f99ea75ae6c290"
		},
		{
			"ImportPath": "k8s.io/kubernetes/pkg/client/clientset_generated/release_1_3/typed/core/v1",
			"Comment": "v1.3.0-alpha.5-165-g7476d97",
			"Rev": "7476d97781563b70e8b89a8bd3f99ea75ae6c290"
		},
		{
			"ImportPath": "k8s.io/kubernetes/pkg/client/clientset_generated/release_1_3/typed/extensions/v1beta1",
			"Comment": "v1.3.0-alpha.5-165-g7476d97",
			"Rev": "7476d97781563b70e8b89a8bd3f99ea75ae6c290"
		},
		{
			"ImportPath": "k8s.io/kubernetes/pkg/client/metrics",
			"Comment": "v1.3.0-alpha.5-165-g7476d97",
			"Rev": "7476d97781563b70e8b89a8bd3f99ea75ae6c290"
		},
		{
			"ImportPath": "k8s.io/kubernetes/pkg/client/restclient",
			"Comment": "v1.3.0-alpha.5-165-g7476d97",
			"Rev": "7476d97781563b70e8b89a8bd3f99ea75ae6c290"
		},
		{
			"ImportPath": "k8s.io/kubernetes/pkg/client/transport",
			"Comment": "v1.3.0-alpha.5-165-g7476d97",
			"Rev": "7476d97781563b70e8b89a8bd3f99ea75ae6c290"
		},
		{
			"ImportPath": "k8s.io/kubernetes/pkg/client/typed/discovery",
			"Comment": "v1.3.0-alpha.5-165-g7476d97",
			"Rev": "7476d97781563b70e8b89a8bd3f99ea75ae6c290"
		},
		{
			"ImportPath": "k8s.io/kubernetes/pkg/client/unversioned/clientcmd/api",
			"Comment": "v1.3.0-alpha.5-165-g7476d97",
			"Rev": "7476d97781563b70e8b89a8bd3f99ea75ae6c290"
		},
		{
			"ImportPath": "k8s.io/kubernetes/pkg/conversion",
			"Comment": "v1.3.0-alpha.5-165-g7476d97",
			"Rev": "7476d97781563b70e8b89a8bd3f99ea75ae6c290"
		},
		{
			"ImportPath": "k8s.io/kubernetes/pkg/conversion/queryparams",
			"Comment": "v1.3.0-alpha.5-165-g7476d97",
			"Rev": "7476d97781563b70e8b89a8bd3f99ea75ae6c290"
		},
		{
			"ImportPath": "k8s.io/kubernetes/pkg/fields",
			"Comment": "v1.3.0-alpha.5-165-g7476d97",
			"Rev": "7476d97781563b70e8b89a8bd3f99ea75ae6c290"
		},
		{
			"ImportPath": "k8s.io/kubernetes/pkg/kubelet/qos",
			"Comment": "v1.3.0-alpha.5-165-g7476d97",
			"Rev": "7476d97781563b70e8b89a8bd3f99ea75ae6c290"
		},
		{
			"ImportPath": "k8s.io/kubernetes/pkg/kubelet/qos/util",
			"Comment": "v1.3.0-alpha.5-165-g7476d97",
			"Rev": "7476d97781563b70e8b89a8bd3f99ea75ae6c290"
		},
		{
			"ImportPath": "k8s.io/kubernetes/pkg/labels",
			"Comment": "v1.3.0-alpha.5-165-g7476d97",
			"Rev": "7476d97781563b70e8b89a8bd3f99ea75ae6c290"
		},
		{
			"ImportPath": "k8s.io/kubernetes/pkg/master/ports",
			"Comment": "v1.3.0-alpha.5-165-g7476d97",
			"Rev": "7476d97781563b70e8b89a8bd3f99ea75ae6c290"
		},
		{
			"ImportPath": "k8s.io/kubernetes/pkg/runtime",
			"Comment": "v1.3.0-alpha.5-165-g7476d97",
			"Rev": "7476d97781563b70e8b89a8bd3f99ea75ae6c290"
		},
		{
			"ImportPath": "k8s.io/kubernetes/pkg/runtime/serializer",
			"Comment": "v1.3.0-alpha.5-165-g7476d97",
			"Rev": "7476d97781563b70e8b89a8bd3f99ea75ae6c290"
		},
		{
			"ImportPath": "k8s.io/kubernetes/pkg/runtime/serializer/json",
			"Comment": "v1.3.0-alpha.5-165-g7476d97",
			"Rev": "7476d97781563b70e8b89a8bd3f99ea75ae6c290"
		},
		{
			"ImportPath": "k8s.io/kubernetes/pkg/runtime/serializer/protobuf",
			"Comment": "v1.3.0-alpha.5-165-g7476d97",
			"Rev": "7476d97781563b70e8b89a8bd3f99ea75ae6c290"
		},
		{
			"ImportPath": "k8s.io/kubernetes/pkg/runtime/serializer/recognizer",
			"Comment": "v1.3.0-alpha.5-165-g7476d97",
			"Rev": "7476d97781563b70e8b89a8bd3f99ea75ae6c290"
		},
		{
			"ImportPath": "k8s.io/kubernetes/pkg/runtime/serializer/streaming",
			"Comment": "v1.3.0-alpha.5-165-g7476d97",
			"Rev": "7476d97781563b70e8b89a8bd3f99ea75ae6c290"
		},
		{
			"ImportPath": "k8s.io/kubernetes/pkg/runtime/serializer/versioning",
			"Comment": "v1.3.0-alpha.5-165-g7476d97",
			"Rev": "7476d97781563b70e8b89a8bd3f99ea75ae6c290"
		},
		{
			"ImportPath": "k8s.io/kubernetes/pkg/types",
			"Comment": "v1.3.0-alpha.5-165-g7476d97",
			"Rev": "7476d97781563b70e8b89a8bd3f99ea75ae6c290"
		},
		{
			"ImportPath": "k8s.io/kubernetes/pkg/util",
			"Comment": "v1.3.0-alpha.5-165-g7476d97",
			"Rev": "7476d97781563b70e8b89a8bd3f99ea75ae6c290"
		},
		{
			"ImportPath": "k8s.io/kubernetes/pkg/util/crypto",
			"Comment": "v1.3.0-alpha.5-165-g7476d97",
			"Rev": "7476d97781563b70e8b89a8bd3f99ea75ae6c290"
		},
		{
			"ImportPath": "k8s.io/kubernetes/pkg/util/errors",
			"Comment": "v1.3.0-alpha.5-165-g7476d97",
			"Rev": "7476d97781563b70e8b89a8bd3f99ea75ae6c290"
		},
		{
			"ImportPath": "k8s.io/kubernetes/pkg/util/flowcontrol",
			"Comment": "v1.3.0-alpha.5-165-g7476d97",
			"Rev": "7476d97781563b70e8b89a8bd3f99ea75ae6c290"
		},
		{
			"ImportPath": "k8s.io/kubernetes/pkg/util/framer",
			"Comment": "v1.3.0-alpha.5-165-g7476d97",
			"Rev": "7476d97781563b70e8b89a8bd3f99ea75ae6c290"
		},
		{
			"ImportPath": "k8s.io/kubernetes/pkg/util/hash",
			"Comment": "v1.3.0-alpha.5-165-g7476d97",
			"Rev": "7476d97781563b70e8b89a8bd3f99ea75ae6c290"
		},
		{
			"ImportPath": "k8s.io/kubernetes/pkg/util/integer",
			"Comment": "v1.3.0-alpha.5-165-g7476d97",
			"Rev": "7476d97781563b70e8b89a8bd3f99ea75ae6c290"
		},
		{
			"ImportPath": "k8s.io/kubernetes/pkg/util/intstr",
			"Comment": "v1.3.0-alpha.5-165-g7476d97",
			"Rev": "7476d97781563b70e8b89a8bd3f99ea75ae6c290"
		},
		{
			"ImportPath": "k8s.io/kubernetes/pkg/util/json",
			"Comment": "v1.3.0-alpha.5-165-g7476d97",
			"Rev": "7476d97781563b70e8b89a8bd3f99ea75ae6c290"
		},
		{
			"ImportPath": "k8s.io/kubernetes/pkg/util/net",
			"Comment": "v1.3.0-alpha.5-165-g7476d97",
			"Rev": "7476d97781563b70e8b89a8bd3f99ea75ae6c290"
		},
		{
			"ImportPath": "k8s.io/kubernetes/pkg/util/net/sets",
			"Comment": "v1.3.0-alpha.5-165-g7476d97",
			"Rev": "7476d97781563b70e8b89a8bd3f99ea75ae6c290"
		},
		{
			"ImportPath": "k8s.io/kubernetes/pkg/util/parsers",
			"Comment": "v1.3.0-alpha.5-165-g7476d97",
			"Rev": "7476d97781563b70e8b89a8bd3f99ea75ae6c290"
		},
		{
			"ImportPath": "k8s.io/kubernetes/pkg/util/rand",
			"Comment": "v1.3.0-alpha.5-165-g7476d97",
			"Rev": "7476d97781563b70e8b89a8bd3f99ea75ae6c290"
		},
		{
			"ImportPath": "k8s.io/kubernetes/pkg/util/runtime",
			"Comment": "v1.3.0-alpha.5-165-g7476d97",
			"Rev": "7476d97781563b70e8b89a8bd3f99ea75ae6c290"
		},
		{
			"ImportPath": "k8s.io/kubernetes/pkg/util/sets",
			"Comment": "v1.3.0-alpha.5-165-g7476d97",
			"Rev": "7476d97781563b70e8b89a8bd3f99ea75ae6c290"
		},
		{
			"ImportPath": "k8s.io/kubernetes/pkg/util/validation",
			"Comment": "v1.3.0-alpha.5-165-g7476d97",
			"Rev": "7476d97781563b70e8b89a8bd3f99ea75ae6c290"
		},
		{
			"ImportPath": "k8s.io/kubernetes/pkg/util/validation/field",
			"Comment": "v1.3.0-alpha.5-165-g7476d97",
			"Rev": "7476d97781563b70e8b89a8bd3f99ea75ae6c290"
		},
		{
			"ImportPath": "k8s.io/kubernetes/pkg/util/wait",
			"Comment": "v1.3.0-alpha.5-165-g7476d97",
			"Rev": "7476d97781563b70e8b89a8bd3f99ea75ae6c290"
		},
		{
			"ImportPath": "k8s.io/kubernetes/pkg/util/yaml",
			"Comment": "v1.3.0-alpha.5-165-g7476d97",
			"Rev": "7476d97781563b70e8b89a8bd3f99ea75ae6c290"
		},
		{
			"ImportPath": "k8s.io/kubernetes/pkg/version",
			"Comment": "v1.3.0-alpha.5-165-g7476d97",
			"Rev": "7476d97781563b70e8b89a8bd3f99ea75ae6c290"
		},
		{
			"ImportPath": "k8s.io/kubernetes/pkg/watch",
			"Comment": "v1.3.0-alpha.5-165-g7476d97",
			"Rev": "7476d97781563b70e8b89a8bd3f99ea75ae6c290"
		},
		{
			"ImportPath": "k8s.io/kubernetes/pkg/watch/versioned",
			"Comment": "v1.3.0-alpha.5-165-g7476d97",
			"Rev": "7476d97781563b70e8b89a8bd3f99ea75ae6c290"
		},
		{
			"ImportPath": "k8s.io/kubernetes/third_party/forked/reflect",
			"Comment": "v1.3.0-alpha.5-165-g7476d97",
			"Rev": "7476d97781563b70e8b89a8bd3f99ea75ae6c290"
		}
	]
}
