{
	"ImportPath": "k8s.io/contrib/cluster-autoscaler",
	"GoVersion": "go1.7",
	"GodepVersion": "v75",
	"Packages": [
		"./..."
	],
	"Deps": [
		{
			"ImportPath": "bitbucket.org/ww/goautoneg",
			"Comment": "null-5",
			"Rev": "'75cd24fc2f2c2a2088577d12123ddee5f54e0675'"
		},
		{
			"ImportPath": "cloud.google.com/go/compute/metadata",
			"Comment": "v0.1.0-115-g3b1ae45",
			"Rev": "3b1ae45394a234c385be014e9a488f2bb6eef821"
		},
		{
			"ImportPath": "cloud.google.com/go/internal",
			"Comment": "v0.1.0-115-g3b1ae45",
			"Rev": "3b1ae45394a234c385be014e9a488f2bb6eef821"
		},
		{
			"ImportPath": "github.com/PuerkitoBio/purell",
			"Comment": "v1.0.0",
			"Rev": "8a290539e2e8629dbc4e6bad948158f790ec31f4"
		},
		{
			"ImportPath": "github.com/PuerkitoBio/urlesc",
			"Rev": "5bd2802263f21d8788851d5305584c82a5c75d7e"
		},
		{
			"ImportPath": "github.com/aws/aws-sdk-go/aws",
			"Comment": "v1.0.8",
			"Rev": "c924893c38ecc04b18d7aab8a7aa561cb8b4c4cc"
		},
		{
			"ImportPath": "github.com/aws/aws-sdk-go/aws/awserr",
			"Comment": "v1.0.8",
			"Rev": "c924893c38ecc04b18d7aab8a7aa561cb8b4c4cc"
		},
		{
			"ImportPath": "github.com/aws/aws-sdk-go/aws/awsutil",
			"Comment": "v1.0.8",
			"Rev": "c924893c38ecc04b18d7aab8a7aa561cb8b4c4cc"
		},
		{
			"ImportPath": "github.com/aws/aws-sdk-go/aws/client",
			"Comment": "v1.0.8",
			"Rev": "c924893c38ecc04b18d7aab8a7aa561cb8b4c4cc"
		},
		{
			"ImportPath": "github.com/aws/aws-sdk-go/aws/client/metadata",
			"Comment": "v1.0.8",
			"Rev": "c924893c38ecc04b18d7aab8a7aa561cb8b4c4cc"
		},
		{
			"ImportPath": "github.com/aws/aws-sdk-go/aws/corehandlers",
			"Comment": "v1.0.8",
			"Rev": "c924893c38ecc04b18d7aab8a7aa561cb8b4c4cc"
		},
		{
			"ImportPath": "github.com/aws/aws-sdk-go/aws/credentials",
			"Comment": "v1.0.8",
			"Rev": "c924893c38ecc04b18d7aab8a7aa561cb8b4c4cc"
		},
		{
			"ImportPath": "github.com/aws/aws-sdk-go/aws/credentials/ec2rolecreds",
			"Comment": "v1.0.8",
			"Rev": "c924893c38ecc04b18d7aab8a7aa561cb8b4c4cc"
		},
		{
			"ImportPath": "github.com/aws/aws-sdk-go/aws/defaults",
			"Comment": "v1.0.8",
			"Rev": "c924893c38ecc04b18d7aab8a7aa561cb8b4c4cc"
		},
		{
			"ImportPath": "github.com/aws/aws-sdk-go/aws/ec2metadata",
			"Comment": "v1.0.8",
			"Rev": "c924893c38ecc04b18d7aab8a7aa561cb8b4c4cc"
		},
		{
			"ImportPath": "github.com/aws/aws-sdk-go/aws/request",
			"Comment": "v1.0.8",
			"Rev": "c924893c38ecc04b18d7aab8a7aa561cb8b4c4cc"
		},
		{
			"ImportPath": "github.com/aws/aws-sdk-go/aws/session",
			"Comment": "v1.0.8",
			"Rev": "c924893c38ecc04b18d7aab8a7aa561cb8b4c4cc"
		},
		{
			"ImportPath": "github.com/aws/aws-sdk-go/private/endpoints",
			"Comment": "v1.0.8",
			"Rev": "c924893c38ecc04b18d7aab8a7aa561cb8b4c4cc"
		},
		{
			"ImportPath": "github.com/aws/aws-sdk-go/private/protocol/ec2query",
			"Comment": "v1.0.8",
			"Rev": "c924893c38ecc04b18d7aab8a7aa561cb8b4c4cc"
		},
		{
			"ImportPath": "github.com/aws/aws-sdk-go/private/protocol/json/jsonutil",
			"Comment": "v1.0.8",
			"Rev": "c924893c38ecc04b18d7aab8a7aa561cb8b4c4cc"
		},
		{
			"ImportPath": "github.com/aws/aws-sdk-go/private/protocol/jsonrpc",
			"Comment": "v1.0.8",
			"Rev": "c924893c38ecc04b18d7aab8a7aa561cb8b4c4cc"
		},
		{
			"ImportPath": "github.com/aws/aws-sdk-go/private/protocol/query",
			"Comment": "v1.0.8",
			"Rev": "c924893c38ecc04b18d7aab8a7aa561cb8b4c4cc"
		},
		{
			"ImportPath": "github.com/aws/aws-sdk-go/private/protocol/query/queryutil",
			"Comment": "v1.0.8",
			"Rev": "c924893c38ecc04b18d7aab8a7aa561cb8b4c4cc"
		},
		{
			"ImportPath": "github.com/aws/aws-sdk-go/private/protocol/rest",
			"Comment": "v1.0.8",
			"Rev": "c924893c38ecc04b18d7aab8a7aa561cb8b4c4cc"
		},
		{
			"ImportPath": "github.com/aws/aws-sdk-go/private/protocol/xml/xmlutil",
			"Comment": "v1.0.8",
			"Rev": "c924893c38ecc04b18d7aab8a7aa561cb8b4c4cc"
		},
		{
			"ImportPath": "github.com/aws/aws-sdk-go/private/signer/v4",
			"Comment": "v1.0.8",
			"Rev": "c924893c38ecc04b18d7aab8a7aa561cb8b4c4cc"
		},
		{
			"ImportPath": "github.com/aws/aws-sdk-go/private/waiter",
			"Comment": "v1.0.8",
			"Rev": "c924893c38ecc04b18d7aab8a7aa561cb8b4c4cc"
		},
		{
			"ImportPath": "github.com/aws/aws-sdk-go/service/autoscaling",
			"Comment": "v1.0.8",
			"Rev": "c924893c38ecc04b18d7aab8a7aa561cb8b4c4cc"
		},
		{
			"ImportPath": "github.com/aws/aws-sdk-go/service/ec2",
			"Comment": "v1.0.8",
			"Rev": "c924893c38ecc04b18d7aab8a7aa561cb8b4c4cc"
		},
		{
			"ImportPath": "github.com/aws/aws-sdk-go/service/ecr",
			"Comment": "v1.0.8",
			"Rev": "c924893c38ecc04b18d7aab8a7aa561cb8b4c4cc"
		},
		{
			"ImportPath": "github.com/aws/aws-sdk-go/service/elb",
			"Comment": "v1.0.8",
			"Rev": "c924893c38ecc04b18d7aab8a7aa561cb8b4c4cc"
		},
		{
			"ImportPath": "github.com/beorn7/perks/quantile",
			"Rev": "3ac7bf7a47d159a033b107610db8a1b6575507a4"
		},
		{
			"ImportPath": "github.com/blang/semver",
			"Comment": "v3.0.1",
			"Rev": "31b736133b98f26d5e078ec9eb591666edfd091f"
		},
		{
			"ImportPath": "github.com/coreos/go-oidc/http",
			"Rev": "5644a2f50e2d2d5ba0b474bc5bc55fea1925936d"
		},
		{
			"ImportPath": "github.com/coreos/go-oidc/jose",
			"Rev": "5644a2f50e2d2d5ba0b474bc5bc55fea1925936d"
		},
		{
			"ImportPath": "github.com/coreos/go-oidc/key",
			"Rev": "5644a2f50e2d2d5ba0b474bc5bc55fea1925936d"
		},
		{
			"ImportPath": "github.com/coreos/go-oidc/oauth2",
			"Rev": "5644a2f50e2d2d5ba0b474bc5bc55fea1925936d"
		},
		{
			"ImportPath": "github.com/coreos/go-oidc/oidc",
			"Rev": "5644a2f50e2d2d5ba0b474bc5bc55fea1925936d"
		},
		{
			"ImportPath": "github.com/coreos/pkg/health",
			"Comment": "v2-8-gfa29b1d",
			"Rev": "fa29b1d70f0beaddd4c7021607cc3c3be8ce94b8"
		},
		{
			"ImportPath": "github.com/coreos/pkg/httputil",
			"Comment": "v2-8-gfa29b1d",
			"Rev": "fa29b1d70f0beaddd4c7021607cc3c3be8ce94b8"
		},
		{
			"ImportPath": "github.com/coreos/pkg/timeutil",
			"Comment": "v2-8-gfa29b1d",
			"Rev": "fa29b1d70f0beaddd4c7021607cc3c3be8ce94b8"
		},
		{
			"ImportPath": "github.com/davecgh/go-spew/spew",
			"Rev": "5215b55f46b2b919f50a1df0eaa5886afe4e3b3d"
		},
		{
			"ImportPath": "github.com/docker/distribution/digest",
			"Comment": "v2.4.0-rc.1-38-gcd27f17",
			"Rev": "cd27f179f2c10c5d300e6d09025b538c475b0d51"
		},
		{
			"ImportPath": "github.com/docker/distribution/reference",
			"Comment": "v2.4.0-rc.1-38-gcd27f17",
			"Rev": "cd27f179f2c10c5d300e6d09025b538c475b0d51"
		},
		{
			"ImportPath": "github.com/docker/engine-api/types",
			"Comment": "v0.3.1-78-gdea108d",
			"Rev": "dea108d3aa0c67d7162a3fd8aa65f38a430019fd"
		},
		{
			"ImportPath": "github.com/docker/engine-api/types/blkiodev",
			"Comment": "v0.3.1-78-gdea108d",
			"Rev": "dea108d3aa0c67d7162a3fd8aa65f38a430019fd"
		},
		{
			"ImportPath": "github.com/docker/engine-api/types/container",
			"Comment": "v0.3.1-78-gdea108d",
			"Rev": "dea108d3aa0c67d7162a3fd8aa65f38a430019fd"
		},
		{
			"ImportPath": "github.com/docker/engine-api/types/filters",
			"Comment": "v0.3.1-78-gdea108d",
			"Rev": "dea108d3aa0c67d7162a3fd8aa65f38a430019fd"
		},
		{
			"ImportPath": "github.com/docker/engine-api/types/network",
			"Comment": "v0.3.1-78-gdea108d",
			"Rev": "dea108d3aa0c67d7162a3fd8aa65f38a430019fd"
		},
		{
			"ImportPath": "github.com/docker/engine-api/types/registry",
			"Comment": "v0.3.1-78-gdea108d",
			"Rev": "dea108d3aa0c67d7162a3fd8aa65f38a430019fd"
		},
		{
			"ImportPath": "github.com/docker/engine-api/types/strslice",
			"Comment": "v0.3.1-78-gdea108d",
			"Rev": "dea108d3aa0c67d7162a3fd8aa65f38a430019fd"
		},
		{
			"ImportPath": "github.com/docker/engine-api/types/versions",
			"Comment": "v0.3.1-78-gdea108d",
			"Rev": "dea108d3aa0c67d7162a3fd8aa65f38a430019fd"
		},
		{
			"ImportPath": "github.com/docker/go-connections/nat",
			"Comment": "v0.2.0-2-gf549a93",
			"Rev": "f549a9393d05688dff0992ef3efd8bbe6c628aeb"
		},
		{
			"ImportPath": "github.com/docker/go-units",
			"Comment": "v0.1.0-21-g0bbddae",
			"Rev": "0bbddae09c5a5419a8c6dcdd7ff90da3d450393b"
		},
		{
			"ImportPath": "github.com/emicklei/go-restful",
			"Comment": "v1.2-79-g89ef8af",
			"Rev": "89ef8af493ab468a45a42bb0d89a06fccdd2fb22"
		},
		{
			"ImportPath": "github.com/emicklei/go-restful/log",
			"Comment": "v1.2-79-g89ef8af",
			"Rev": "89ef8af493ab468a45a42bb0d89a06fccdd2fb22"
		},
		{
			"ImportPath": "github.com/emicklei/go-restful/swagger",
			"Comment": "v1.2-79-g89ef8af",
			"Rev": "89ef8af493ab468a45a42bb0d89a06fccdd2fb22"
		},
		{
			"ImportPath": "github.com/ghodss/yaml",
			"Rev": "73d445a93680fa1a78ae23a5839bad48f32ba1ee"
		},
		{
			"ImportPath": "github.com/go-ini/ini",
			"Comment": "v0-54-g2e44421",
			"Rev": "2e44421e256d82ebbf3d4d4fcabe8930b905eff3"
		},
		{
			"ImportPath": "github.com/go-openapi/jsonpointer",
			"Rev": "46af16f9f7b149af66e5d1bd010e3574dc06de98"
		},
		{
			"ImportPath": "github.com/go-openapi/jsonreference",
			"Rev": "13c6e3589ad90f49bd3e3bbe2c2cb3d7a4142272"
		},
		{
			"ImportPath": "github.com/go-openapi/spec",
			"Rev": "6aced65f8501fe1217321abf0749d354824ba2ff"
		},
		{
			"ImportPath": "github.com/go-openapi/swag",
			"Rev": "1d0bd113de87027671077d3c71eb3ac5d7dbba72"
		},
		{
			"ImportPath": "github.com/gogo/protobuf/proto",
			"Comment": "v0.2-33-ge18d7aa",
			"Rev": "e18d7aa8f8c624c915db340349aad4c49b10d173"
		},
		{
			"ImportPath": "github.com/gogo/protobuf/sortkeys",
			"Comment": "v0.2-33-ge18d7aa",
			"Rev": "e18d7aa8f8c624c915db340349aad4c49b10d173"
		},
		{
			"ImportPath": "github.com/golang/glog",
			"Rev": "44145f04b68cf362d9c4df2182967c2275eaefed"
		},
		{
			"ImportPath": "github.com/golang/groupcache/lru",
			"Rev": "02826c3e79038b59d737d3b1c0a1d937f71a4433"
		},
		{
			"ImportPath": "github.com/golang/protobuf/proto",
			"Rev": "8616e8ee5e20a1704615e6c8d7afcdac06087a67"
		},
		{
			"ImportPath": "github.com/google/gofuzz",
			"Rev": "44d81051d367757e1c7c6a5a86423ece9afcf63c"
		},
		{
			"ImportPath": "github.com/howeyc/gopass",
			"Rev": "3ca23474a7c7203e0a0a070fd33508f6efdb9b3d"
		},
		{
			"ImportPath": "github.com/imdario/mergo",
			"Comment": "0.1.3-8-g6633656",
			"Rev": "6633656539c1639d9d78127b7d47c622b5d7b6dc"
		},
		{
			"ImportPath": "github.com/jmespath/go-jmespath",
			"Comment": "0.2.2",
			"Rev": "3433f3ea46d9f8019119e7dd41274e112a2359a9"
		},
		{
			"ImportPath": "github.com/jonboulle/clockwork",
			"Rev": "72f9bd7c4e0c2a40055ab3d0f09654f730cce982"
		},
		{
			"ImportPath": "github.com/mailru/easyjson/buffer",
			"Rev": "d5b7844b561a7bc640052f1b935f7b800330d7e0"
		},
		{
			"ImportPath": "github.com/mailru/easyjson/jlexer",
			"Rev": "d5b7844b561a7bc640052f1b935f7b800330d7e0"
		},
		{
			"ImportPath": "github.com/mailru/easyjson/jwriter",
			"Rev": "d5b7844b561a7bc640052f1b935f7b800330d7e0"
		},
		{
			"ImportPath": "github.com/matttproud/golang_protobuf_extensions/pbutil",
			"Rev": "fc2b8d3a73c4867e51861bbdd5ae3c1f0869dd6a"
		},
		{
			"ImportPath": "github.com/pborman/uuid",
			"Rev": "ca53cad383cad2479bbba7f7a1a05797ec1386e4"
		},
		{
			"ImportPath": "github.com/pmezard/go-difflib/difflib",
			"Rev": "d8ed2627bdf02c080bf22230dbb337003b7aba2d"
		},
		{
			"ImportPath": "github.com/prometheus/client_golang/prometheus",
			"Comment": "0.7.0-52-ge51041b",
			"Rev": "e51041b3fa41cece0dca035740ba6411905be473"
		},
		{
			"ImportPath": "github.com/prometheus/client_model/go",
			"Comment": "model-0.0.2-12-gfa8ad6f",
			"Rev": "fa8ad6fec33561be4280a8f0514318c79d7f6cb6"
		},
		{
			"ImportPath": "github.com/prometheus/common/expfmt",
			"Rev": "ffe929a3f4c4faeaa10f2b9535c2b1be3ad15650"
		},
		{
			"ImportPath": "github.com/prometheus/common/model",
			"Rev": "ffe929a3f4c4faeaa10f2b9535c2b1be3ad15650"
		},
		{
			"ImportPath": "github.com/prometheus/procfs",
			"Rev": "454a56f35412459b5e684fd5ec0f9211b94f002a"
		},
		{
			"ImportPath": "github.com/spf13/pflag",
			"Rev": "5ccb023bc27df288a957c5e994cd44fd19619465"
		},
		{
			"ImportPath": "github.com/stretchr/objx",
			"Rev": "1a9d0bb9f541897e62256577b352fdbc1fb4fd94"
		},
		{
			"ImportPath": "github.com/stretchr/testify/assert",
			"Comment": "v1.0-88-ge3a8ff8",
			"Rev": "e3a8ff8ce36581f87a15341206f205b1da467059"
		},
		{
			"ImportPath": "github.com/stretchr/testify/mock",
			"Comment": "v1.0-88-ge3a8ff8",
			"Rev": "e3a8ff8ce36581f87a15341206f205b1da467059"
		},
		{
			"ImportPath": "github.com/stretchr/testify/require",
			"Comment": "v1.0-88-ge3a8ff8",
			"Rev": "e3a8ff8ce36581f87a15341206f205b1da467059"
		},
		{
			"ImportPath": "github.com/ugorji/go/codec",
			"Rev": "f1f1a805ed361a0e078bb537e4ea78cd37dcf065"
		},
		{
			"ImportPath": "golang.org/x/crypto/ssh/terminal",
			"Rev": "1f22c0103821b9390939b6776727195525381532"
		},
		{
			"ImportPath": "golang.org/x/net/context",
			"Rev": "e90d6d0afc4c315a0d87a568ae68577cc15149a0"
		},
		{
			"ImportPath": "golang.org/x/net/context/ctxhttp",
			"Rev": "e90d6d0afc4c315a0d87a568ae68577cc15149a0"
		},
		{
			"ImportPath": "golang.org/x/net/http2",
			"Rev": "e90d6d0afc4c315a0d87a568ae68577cc15149a0"
		},
		{
			"ImportPath": "golang.org/x/net/http2/hpack",
			"Rev": "e90d6d0afc4c315a0d87a568ae68577cc15149a0"
		},
		{
			"ImportPath": "golang.org/x/net/idna",
			"Rev": "e90d6d0afc4c315a0d87a568ae68577cc15149a0"
		},
		{
			"ImportPath": "golang.org/x/net/lex/httplex",
			"Rev": "e90d6d0afc4c315a0d87a568ae68577cc15149a0"
		},
		{
			"ImportPath": "golang.org/x/oauth2",
			"Rev": "3c3a985cb79f52a3190fbc056984415ca6763d01"
		},
		{
			"ImportPath": "golang.org/x/oauth2/google",
			"Rev": "3c3a985cb79f52a3190fbc056984415ca6763d01"
		},
		{
			"ImportPath": "golang.org/x/oauth2/internal",
			"Rev": "3c3a985cb79f52a3190fbc056984415ca6763d01"
		},
		{
			"ImportPath": "golang.org/x/oauth2/jws",
			"Rev": "3c3a985cb79f52a3190fbc056984415ca6763d01"
		},
		{
			"ImportPath": "golang.org/x/oauth2/jwt",
			"Rev": "3c3a985cb79f52a3190fbc056984415ca6763d01"
		},
		{
			"ImportPath": "golang.org/x/sys/unix",
			"Rev": "8f0908ab3b2457e2e15403d3697c9ef5cb4b57a9"
		},
		{
			"ImportPath": "golang.org/x/text/cases",
			"Rev": "2910a502d2bf9e43193af9d68ca516529614eed3"
		},
		{
			"ImportPath": "golang.org/x/text/internal/tag",
			"Rev": "2910a502d2bf9e43193af9d68ca516529614eed3"
		},
		{
			"ImportPath": "golang.org/x/text/language",
			"Rev": "2910a502d2bf9e43193af9d68ca516529614eed3"
		},
		{
			"ImportPath": "golang.org/x/text/runes",
			"Rev": "2910a502d2bf9e43193af9d68ca516529614eed3"
		},
		{
			"ImportPath": "golang.org/x/text/secure/bidirule",
			"Rev": "2910a502d2bf9e43193af9d68ca516529614eed3"
		},
		{
			"ImportPath": "golang.org/x/text/secure/precis",
			"Rev": "2910a502d2bf9e43193af9d68ca516529614eed3"
		},
		{
			"ImportPath": "golang.org/x/text/transform",
			"Rev": "2910a502d2bf9e43193af9d68ca516529614eed3"
		},
		{
			"ImportPath": "golang.org/x/text/unicode/bidi",
			"Rev": "2910a502d2bf9e43193af9d68ca516529614eed3"
		},
		{
			"ImportPath": "golang.org/x/text/unicode/norm",
			"Rev": "2910a502d2bf9e43193af9d68ca516529614eed3"
		},
		{
			"ImportPath": "golang.org/x/text/width",
			"Rev": "2910a502d2bf9e43193af9d68ca516529614eed3"
		},
		{
			"ImportPath": "google.golang.org/api/compute/v1",
			"Rev": "a69f0f19d246419bb931b0ac8f4f8d3f3e6d4feb"
		},
		{
			"ImportPath": "google.golang.org/api/container/v1",
			"Rev": "a69f0f19d246419bb931b0ac8f4f8d3f3e6d4feb"
		},
		{
			"ImportPath": "google.golang.org/api/gensupport",
			"Rev": "a69f0f19d246419bb931b0ac8f4f8d3f3e6d4feb"
		},
		{
			"ImportPath": "google.golang.org/api/googleapi",
			"Rev": "a69f0f19d246419bb931b0ac8f4f8d3f3e6d4feb"
		},
		{
			"ImportPath": "google.golang.org/api/googleapi/internal/uritemplates",
			"Rev": "a69f0f19d246419bb931b0ac8f4f8d3f3e6d4feb"
		},
		{
			"ImportPath": "google.golang.org/appengine",
			"Rev": "4f7eeb5305a4ba1966344836ba4af9996b7b4e05"
		},
		{
			"ImportPath": "google.golang.org/appengine/internal",
			"Rev": "4f7eeb5305a4ba1966344836ba4af9996b7b4e05"
		},
		{
			"ImportPath": "google.golang.org/appengine/internal/app_identity",
			"Rev": "4f7eeb5305a4ba1966344836ba4af9996b7b4e05"
		},
		{
			"ImportPath": "google.golang.org/appengine/internal/base",
			"Rev": "4f7eeb5305a4ba1966344836ba4af9996b7b4e05"
		},
		{
			"ImportPath": "google.golang.org/appengine/internal/datastore",
			"Rev": "4f7eeb5305a4ba1966344836ba4af9996b7b4e05"
		},
		{
			"ImportPath": "google.golang.org/appengine/internal/log",
			"Rev": "4f7eeb5305a4ba1966344836ba4af9996b7b4e05"
		},
		{
			"ImportPath": "google.golang.org/appengine/internal/modules",
			"Rev": "4f7eeb5305a4ba1966344836ba4af9996b7b4e05"
		},
		{
			"ImportPath": "google.golang.org/appengine/internal/remote_api",
			"Rev": "4f7eeb5305a4ba1966344836ba4af9996b7b4e05"
		},
		{
			"ImportPath": "gopkg.in/gcfg.v1",
			"Comment": "v1.0.0",
			"Rev": "083575c3955c85df16fe9590cceab64d03f5eb6e"
		},
		{
			"ImportPath": "gopkg.in/gcfg.v1/scanner",
			"Comment": "v1.0.0",
			"Rev": "083575c3955c85df16fe9590cceab64d03f5eb6e"
		},
		{
			"ImportPath": "gopkg.in/gcfg.v1/token",
			"Comment": "v1.0.0",
			"Rev": "083575c3955c85df16fe9590cceab64d03f5eb6e"
		},
		{
			"ImportPath": "gopkg.in/gcfg.v1/types",
			"Comment": "v1.0.0",
			"Rev": "083575c3955c85df16fe9590cceab64d03f5eb6e"
		},
		{
			"ImportPath": "gopkg.in/inf.v0",
			"Comment": "v0.9.0",
			"Rev": "3887ee99ecf07df5b447e9b00d9c0b2adaa9f3e4"
		},
		{
			"ImportPath": "gopkg.in/yaml.v2",
			"Rev": "53feefa2559fb8dfa8d81baad31be332c97d6c77"
		},
		{
			"ImportPath": "k8s.io/kubernetes/cmd/kubeadm/app/apis/kubeadm",
			"Comment": "v1.6.0-alpha.0-1575-g9b7678f",
			"Rev": "9b7678f1086ce0f4980ecc78c7b6b20a97f8ee21"
		},
		{
			"ImportPath": "k8s.io/kubernetes/cmd/kubeadm/app/apis/kubeadm/install",
			"Comment": "v1.6.0-alpha.0-1575-g9b7678f",
			"Rev": "9b7678f1086ce0f4980ecc78c7b6b20a97f8ee21"
		},
		{
			"ImportPath": "k8s.io/kubernetes/cmd/kubeadm/app/apis/kubeadm/v1alpha1",
			"Comment": "v1.6.0-alpha.0-1575-g9b7678f",
			"Rev": "9b7678f1086ce0f4980ecc78c7b6b20a97f8ee21"
		},
		{
			"ImportPath": "k8s.io/kubernetes/federation/apis/federation",
			"Comment": "v1.6.0-alpha.0-1575-g9b7678f",
			"Rev": "9b7678f1086ce0f4980ecc78c7b6b20a97f8ee21"
		},
		{
			"ImportPath": "k8s.io/kubernetes/federation/apis/federation/install",
			"Comment": "v1.6.0-alpha.0-1575-g9b7678f",
			"Rev": "9b7678f1086ce0f4980ecc78c7b6b20a97f8ee21"
		},
		{
			"ImportPath": "k8s.io/kubernetes/federation/apis/federation/v1beta1",
			"Comment": "v1.6.0-alpha.0-1575-g9b7678f",
			"Rev": "9b7678f1086ce0f4980ecc78c7b6b20a97f8ee21"
		},
		{
			"ImportPath": "k8s.io/kubernetes/pkg/api",
			"Comment": "v1.6.0-alpha.0-1575-g9b7678f",
			"Rev": "9b7678f1086ce0f4980ecc78c7b6b20a97f8ee21"
		},
		{
			"ImportPath": "k8s.io/kubernetes/pkg/api/errors",
			"Comment": "v1.6.0-alpha.0-1575-g9b7678f",
			"Rev": "9b7678f1086ce0f4980ecc78c7b6b20a97f8ee21"
		},
		{
			"ImportPath": "k8s.io/kubernetes/pkg/api/install",
			"Comment": "v1.6.0-alpha.0-1575-g9b7678f",
			"Rev": "9b7678f1086ce0f4980ecc78c7b6b20a97f8ee21"
		},
		{
			"ImportPath": "k8s.io/kubernetes/pkg/api/meta",
			"Comment": "v1.6.0-alpha.0-1575-g9b7678f",
			"Rev": "9b7678f1086ce0f4980ecc78c7b6b20a97f8ee21"
		},
		{
			"ImportPath": "k8s.io/kubernetes/pkg/api/meta/metatypes",
			"Comment": "v1.6.0-alpha.0-1575-g9b7678f",
			"Rev": "9b7678f1086ce0f4980ecc78c7b6b20a97f8ee21"
		},
		{
			"ImportPath": "k8s.io/kubernetes/pkg/api/resource",
			"Comment": "v1.6.0-alpha.0-1575-g9b7678f",
			"Rev": "9b7678f1086ce0f4980ecc78c7b6b20a97f8ee21"
		},
		{
			"ImportPath": "k8s.io/kubernetes/pkg/api/testapi",
			"Comment": "v1.6.0-alpha.0-1575-g9b7678f",
			"Rev": "9b7678f1086ce0f4980ecc78c7b6b20a97f8ee21"
		},
		{
			"ImportPath": "k8s.io/kubernetes/pkg/api/v1",
			"Comment": "v1.6.0-alpha.0-1575-g9b7678f",
			"Rev": "9b7678f1086ce0f4980ecc78c7b6b20a97f8ee21"
		},
		{
			"ImportPath": "k8s.io/kubernetes/pkg/api/v1/service",
			"Comment": "v1.6.0-alpha.0-1575-g9b7678f",
			"Rev": "9b7678f1086ce0f4980ecc78c7b6b20a97f8ee21"
		},
		{
			"ImportPath": "k8s.io/kubernetes/pkg/api/validation/path",
			"Comment": "v1.6.0-alpha.0-1575-g9b7678f",
			"Rev": "9b7678f1086ce0f4980ecc78c7b6b20a97f8ee21"
		},
		{
			"ImportPath": "k8s.io/kubernetes/pkg/apimachinery",
			"Comment": "v1.6.0-alpha.0-1575-g9b7678f",
			"Rev": "9b7678f1086ce0f4980ecc78c7b6b20a97f8ee21"
		},
		{
			"ImportPath": "k8s.io/kubernetes/pkg/apimachinery/announced",
			"Comment": "v1.6.0-alpha.0-1575-g9b7678f",
			"Rev": "9b7678f1086ce0f4980ecc78c7b6b20a97f8ee21"
		},
		{
			"ImportPath": "k8s.io/kubernetes/pkg/apimachinery/registered",
			"Comment": "v1.6.0-alpha.0-1575-g9b7678f",
			"Rev": "9b7678f1086ce0f4980ecc78c7b6b20a97f8ee21"
		},
		{
			"ImportPath": "k8s.io/kubernetes/pkg/apis/apps",
			"Comment": "v1.6.0-alpha.0-1575-g9b7678f",
			"Rev": "9b7678f1086ce0f4980ecc78c7b6b20a97f8ee21"
		},
		{
			"ImportPath": "k8s.io/kubernetes/pkg/apis/apps/install",
			"Comment": "v1.6.0-alpha.0-1575-g9b7678f",
			"Rev": "9b7678f1086ce0f4980ecc78c7b6b20a97f8ee21"
		},
		{
			"ImportPath": "k8s.io/kubernetes/pkg/apis/apps/v1beta1",
			"Comment": "v1.6.0-alpha.0-1575-g9b7678f",
			"Rev": "9b7678f1086ce0f4980ecc78c7b6b20a97f8ee21"
		},
		{
			"ImportPath": "k8s.io/kubernetes/pkg/apis/authentication",
			"Comment": "v1.6.0-alpha.0-1575-g9b7678f",
			"Rev": "9b7678f1086ce0f4980ecc78c7b6b20a97f8ee21"
		},
		{
			"ImportPath": "k8s.io/kubernetes/pkg/apis/authentication/install",
			"Comment": "v1.6.0-alpha.0-1575-g9b7678f",
			"Rev": "9b7678f1086ce0f4980ecc78c7b6b20a97f8ee21"
		},
		{
			"ImportPath": "k8s.io/kubernetes/pkg/apis/authentication/v1beta1",
			"Comment": "v1.6.0-alpha.0-1575-g9b7678f",
			"Rev": "9b7678f1086ce0f4980ecc78c7b6b20a97f8ee21"
		},
		{
			"ImportPath": "k8s.io/kubernetes/pkg/apis/authorization",
			"Comment": "v1.6.0-alpha.0-1575-g9b7678f",
			"Rev": "9b7678f1086ce0f4980ecc78c7b6b20a97f8ee21"
		},
		{
			"ImportPath": "k8s.io/kubernetes/pkg/apis/authorization/install",
			"Comment": "v1.6.0-alpha.0-1575-g9b7678f",
			"Rev": "9b7678f1086ce0f4980ecc78c7b6b20a97f8ee21"
		},
		{
			"ImportPath": "k8s.io/kubernetes/pkg/apis/authorization/v1beta1",
			"Comment": "v1.6.0-alpha.0-1575-g9b7678f",
			"Rev": "9b7678f1086ce0f4980ecc78c7b6b20a97f8ee21"
		},
		{
			"ImportPath": "k8s.io/kubernetes/pkg/apis/autoscaling",
			"Comment": "v1.6.0-alpha.0-1575-g9b7678f",
			"Rev": "9b7678f1086ce0f4980ecc78c7b6b20a97f8ee21"
		},
		{
			"ImportPath": "k8s.io/kubernetes/pkg/apis/autoscaling/install",
			"Comment": "v1.6.0-alpha.0-1575-g9b7678f",
			"Rev": "9b7678f1086ce0f4980ecc78c7b6b20a97f8ee21"
		},
		{
			"ImportPath": "k8s.io/kubernetes/pkg/apis/autoscaling/v1",
			"Comment": "v1.6.0-alpha.0-1575-g9b7678f",
			"Rev": "9b7678f1086ce0f4980ecc78c7b6b20a97f8ee21"
		},
		{
			"ImportPath": "k8s.io/kubernetes/pkg/apis/batch",
			"Comment": "v1.6.0-alpha.0-1575-g9b7678f",
			"Rev": "9b7678f1086ce0f4980ecc78c7b6b20a97f8ee21"
		},
		{
			"ImportPath": "k8s.io/kubernetes/pkg/apis/batch/install",
			"Comment": "v1.6.0-alpha.0-1575-g9b7678f",
			"Rev": "9b7678f1086ce0f4980ecc78c7b6b20a97f8ee21"
		},
		{
			"ImportPath": "k8s.io/kubernetes/pkg/apis/batch/v1",
			"Comment": "v1.6.0-alpha.0-1575-g9b7678f",
			"Rev": "9b7678f1086ce0f4980ecc78c7b6b20a97f8ee21"
		},
		{
			"ImportPath": "k8s.io/kubernetes/pkg/apis/batch/v2alpha1",
			"Comment": "v1.6.0-alpha.0-1575-g9b7678f",
			"Rev": "9b7678f1086ce0f4980ecc78c7b6b20a97f8ee21"
		},
		{
			"ImportPath": "k8s.io/kubernetes/pkg/apis/certificates",
			"Comment": "v1.6.0-alpha.0-1575-g9b7678f",
			"Rev": "9b7678f1086ce0f4980ecc78c7b6b20a97f8ee21"
		},
		{
			"ImportPath": "k8s.io/kubernetes/pkg/apis/certificates/install",
			"Comment": "v1.6.0-alpha.0-1575-g9b7678f",
			"Rev": "9b7678f1086ce0f4980ecc78c7b6b20a97f8ee21"
		},
		{
			"ImportPath": "k8s.io/kubernetes/pkg/apis/certificates/v1alpha1",
			"Comment": "v1.6.0-alpha.0-1575-g9b7678f",
			"Rev": "9b7678f1086ce0f4980ecc78c7b6b20a97f8ee21"
		},
		{
			"ImportPath": "k8s.io/kubernetes/pkg/apis/componentconfig",
			"Comment": "v1.6.0-alpha.0-1575-g9b7678f",
			"Rev": "9b7678f1086ce0f4980ecc78c7b6b20a97f8ee21"
		},
		{
			"ImportPath": "k8s.io/kubernetes/pkg/apis/componentconfig/install",
			"Comment": "v1.6.0-alpha.0-1575-g9b7678f",
			"Rev": "9b7678f1086ce0f4980ecc78c7b6b20a97f8ee21"
		},
		{
			"ImportPath": "k8s.io/kubernetes/pkg/apis/componentconfig/v1alpha1",
			"Comment": "v1.6.0-alpha.0-1575-g9b7678f",
			"Rev": "9b7678f1086ce0f4980ecc78c7b6b20a97f8ee21"
		},
		{
			"ImportPath": "k8s.io/kubernetes/pkg/apis/extensions",
			"Comment": "v1.6.0-alpha.0-1575-g9b7678f",
			"Rev": "9b7678f1086ce0f4980ecc78c7b6b20a97f8ee21"
		},
		{
			"ImportPath": "k8s.io/kubernetes/pkg/apis/extensions/install",
			"Comment": "v1.6.0-alpha.0-1575-g9b7678f",
			"Rev": "9b7678f1086ce0f4980ecc78c7b6b20a97f8ee21"
		},
		{
			"ImportPath": "k8s.io/kubernetes/pkg/apis/extensions/v1beta1",
			"Comment": "v1.6.0-alpha.0-1575-g9b7678f",
			"Rev": "9b7678f1086ce0f4980ecc78c7b6b20a97f8ee21"
		},
		{
			"ImportPath": "k8s.io/kubernetes/pkg/apis/imagepolicy",
			"Comment": "v1.6.0-alpha.0-1575-g9b7678f",
			"Rev": "9b7678f1086ce0f4980ecc78c7b6b20a97f8ee21"
		},
		{
			"ImportPath": "k8s.io/kubernetes/pkg/apis/imagepolicy/install",
			"Comment": "v1.6.0-alpha.0-1575-g9b7678f",
			"Rev": "9b7678f1086ce0f4980ecc78c7b6b20a97f8ee21"
		},
		{
			"ImportPath": "k8s.io/kubernetes/pkg/apis/imagepolicy/v1alpha1",
			"Comment": "v1.6.0-alpha.0-1575-g9b7678f",
			"Rev": "9b7678f1086ce0f4980ecc78c7b6b20a97f8ee21"
		},
		{
			"ImportPath": "k8s.io/kubernetes/pkg/apis/meta/v1",
			"Comment": "v1.6.0-alpha.0-1575-g9b7678f",
			"Rev": "9b7678f1086ce0f4980ecc78c7b6b20a97f8ee21"
		},
		{
			"ImportPath": "k8s.io/kubernetes/pkg/apis/policy",
			"Comment": "v1.6.0-alpha.0-1575-g9b7678f",
			"Rev": "9b7678f1086ce0f4980ecc78c7b6b20a97f8ee21"
		},
		{
			"ImportPath": "k8s.io/kubernetes/pkg/apis/policy/install",
			"Comment": "v1.6.0-alpha.0-1575-g9b7678f",
			"Rev": "9b7678f1086ce0f4980ecc78c7b6b20a97f8ee21"
		},
		{
			"ImportPath": "k8s.io/kubernetes/pkg/apis/policy/v1beta1",
			"Comment": "v1.6.0-alpha.0-1575-g9b7678f",
			"Rev": "9b7678f1086ce0f4980ecc78c7b6b20a97f8ee21"
		},
		{
			"ImportPath": "k8s.io/kubernetes/pkg/apis/rbac",
			"Comment": "v1.6.0-alpha.0-1575-g9b7678f",
			"Rev": "9b7678f1086ce0f4980ecc78c7b6b20a97f8ee21"
		},
		{
			"ImportPath": "k8s.io/kubernetes/pkg/apis/rbac/install",
			"Comment": "v1.6.0-alpha.0-1575-g9b7678f",
			"Rev": "9b7678f1086ce0f4980ecc78c7b6b20a97f8ee21"
		},
		{
			"ImportPath": "k8s.io/kubernetes/pkg/apis/rbac/v1alpha1",
			"Comment": "v1.6.0-alpha.0-1575-g9b7678f",
			"Rev": "9b7678f1086ce0f4980ecc78c7b6b20a97f8ee21"
		},
		{
			"ImportPath": "k8s.io/kubernetes/pkg/apis/storage",
			"Comment": "v1.6.0-alpha.0-1575-g9b7678f",
			"Rev": "9b7678f1086ce0f4980ecc78c7b6b20a97f8ee21"
		},
		{
			"ImportPath": "k8s.io/kubernetes/pkg/apis/storage/install",
			"Comment": "v1.6.0-alpha.0-1575-g9b7678f",
			"Rev": "9b7678f1086ce0f4980ecc78c7b6b20a97f8ee21"
		},
		{
			"ImportPath": "k8s.io/kubernetes/pkg/apis/storage/v1beta1",
			"Comment": "v1.6.0-alpha.0-1575-g9b7678f",
			"Rev": "9b7678f1086ce0f4980ecc78c7b6b20a97f8ee21"
		},
		{
			"ImportPath": "k8s.io/kubernetes/pkg/auth/user",
			"Comment": "v1.6.0-alpha.0-1575-g9b7678f",
			"Rev": "9b7678f1086ce0f4980ecc78c7b6b20a97f8ee21"
		},
		{
			"ImportPath": "k8s.io/kubernetes/pkg/client/cache",
			"Comment": "v1.6.0-alpha.0-1575-g9b7678f",
			"Rev": "9b7678f1086ce0f4980ecc78c7b6b20a97f8ee21"
		},
		{
			"ImportPath": "k8s.io/kubernetes/pkg/client/clientset_generated/internalclientset",
			"Comment": "v1.6.0-alpha.0-1575-g9b7678f",
			"Rev": "9b7678f1086ce0f4980ecc78c7b6b20a97f8ee21"
		},
		{
			"ImportPath": "k8s.io/kubernetes/pkg/client/clientset_generated/internalclientset/fake",
			"Comment": "v1.6.0-alpha.0-1575-g9b7678f",
			"Rev": "9b7678f1086ce0f4980ecc78c7b6b20a97f8ee21"
		},
		{
			"ImportPath": "k8s.io/kubernetes/pkg/client/clientset_generated/internalclientset/typed/apps/internalversion",
			"Comment": "v1.6.0-alpha.0-1575-g9b7678f",
			"Rev": "9b7678f1086ce0f4980ecc78c7b6b20a97f8ee21"
		},
		{
			"ImportPath": "k8s.io/kubernetes/pkg/client/clientset_generated/internalclientset/typed/apps/internalversion/fake",
			"Comment": "v1.6.0-alpha.0-1575-g9b7678f",
			"Rev": "9b7678f1086ce0f4980ecc78c7b6b20a97f8ee21"
		},
		{
			"ImportPath": "k8s.io/kubernetes/pkg/client/clientset_generated/internalclientset/typed/authentication/internalversion",
			"Comment": "v1.6.0-alpha.0-1575-g9b7678f",
			"Rev": "9b7678f1086ce0f4980ecc78c7b6b20a97f8ee21"
		},
		{
			"ImportPath": "k8s.io/kubernetes/pkg/client/clientset_generated/internalclientset/typed/authentication/internalversion/fake",
			"Comment": "v1.6.0-alpha.0-1575-g9b7678f",
			"Rev": "9b7678f1086ce0f4980ecc78c7b6b20a97f8ee21"
		},
		{
			"ImportPath": "k8s.io/kubernetes/pkg/client/clientset_generated/internalclientset/typed/authorization/internalversion",
			"Comment": "v1.6.0-alpha.0-1575-g9b7678f",
			"Rev": "9b7678f1086ce0f4980ecc78c7b6b20a97f8ee21"
		},
		{
			"ImportPath": "k8s.io/kubernetes/pkg/client/clientset_generated/internalclientset/typed/authorization/internalversion/fake",
			"Comment": "v1.6.0-alpha.0-1575-g9b7678f",
			"Rev": "9b7678f1086ce0f4980ecc78c7b6b20a97f8ee21"
		},
		{
			"ImportPath": "k8s.io/kubernetes/pkg/client/clientset_generated/internalclientset/typed/autoscaling/internalversion",
			"Comment": "v1.6.0-alpha.0-1575-g9b7678f",
			"Rev": "9b7678f1086ce0f4980ecc78c7b6b20a97f8ee21"
		},
		{
			"ImportPath": "k8s.io/kubernetes/pkg/client/clientset_generated/internalclientset/typed/autoscaling/internalversion/fake",
			"Comment": "v1.6.0-alpha.0-1575-g9b7678f",
			"Rev": "9b7678f1086ce0f4980ecc78c7b6b20a97f8ee21"
		},
		{
			"ImportPath": "k8s.io/kubernetes/pkg/client/clientset_generated/internalclientset/typed/batch/internalversion",
			"Comment": "v1.6.0-alpha.0-1575-g9b7678f",
			"Rev": "9b7678f1086ce0f4980ecc78c7b6b20a97f8ee21"
		},
		{
			"ImportPath": "k8s.io/kubernetes/pkg/client/clientset_generated/internalclientset/typed/batch/internalversion/fake",
			"Comment": "v1.6.0-alpha.0-1575-g9b7678f",
			"Rev": "9b7678f1086ce0f4980ecc78c7b6b20a97f8ee21"
		},
		{
			"ImportPath": "k8s.io/kubernetes/pkg/client/clientset_generated/internalclientset/typed/certificates/internalversion",
			"Comment": "v1.6.0-alpha.0-1575-g9b7678f",
			"Rev": "9b7678f1086ce0f4980ecc78c7b6b20a97f8ee21"
		},
		{
			"ImportPath": "k8s.io/kubernetes/pkg/client/clientset_generated/internalclientset/typed/certificates/internalversion/fake",
			"Comment": "v1.6.0-alpha.0-1575-g9b7678f",
			"Rev": "9b7678f1086ce0f4980ecc78c7b6b20a97f8ee21"
		},
		{
			"ImportPath": "k8s.io/kubernetes/pkg/client/clientset_generated/internalclientset/typed/core/internalversion",
			"Comment": "v1.6.0-alpha.0-1575-g9b7678f",
			"Rev": "9b7678f1086ce0f4980ecc78c7b6b20a97f8ee21"
		},
		{
			"ImportPath": "k8s.io/kubernetes/pkg/client/clientset_generated/internalclientset/typed/core/internalversion/fake",
			"Comment": "v1.6.0-alpha.0-1575-g9b7678f",
			"Rev": "9b7678f1086ce0f4980ecc78c7b6b20a97f8ee21"
		},
		{
			"ImportPath": "k8s.io/kubernetes/pkg/client/clientset_generated/internalclientset/typed/extensions/internalversion",
			"Comment": "v1.6.0-alpha.0-1575-g9b7678f",
			"Rev": "9b7678f1086ce0f4980ecc78c7b6b20a97f8ee21"
		},
		{
			"ImportPath": "k8s.io/kubernetes/pkg/client/clientset_generated/internalclientset/typed/extensions/internalversion/fake",
			"Comment": "v1.6.0-alpha.0-1575-g9b7678f",
			"Rev": "9b7678f1086ce0f4980ecc78c7b6b20a97f8ee21"
		},
		{
			"ImportPath": "k8s.io/kubernetes/pkg/client/clientset_generated/internalclientset/typed/policy/internalversion",
			"Comment": "v1.6.0-alpha.0-1575-g9b7678f",
			"Rev": "9b7678f1086ce0f4980ecc78c7b6b20a97f8ee21"
		},
		{
			"ImportPath": "k8s.io/kubernetes/pkg/client/clientset_generated/internalclientset/typed/policy/internalversion/fake",
			"Comment": "v1.6.0-alpha.0-1575-g9b7678f",
			"Rev": "9b7678f1086ce0f4980ecc78c7b6b20a97f8ee21"
		},
		{
			"ImportPath": "k8s.io/kubernetes/pkg/client/clientset_generated/internalclientset/typed/rbac/internalversion",
			"Comment": "v1.6.0-alpha.0-1575-g9b7678f",
			"Rev": "9b7678f1086ce0f4980ecc78c7b6b20a97f8ee21"
		},
		{
			"ImportPath": "k8s.io/kubernetes/pkg/client/clientset_generated/internalclientset/typed/rbac/internalversion/fake",
			"Comment": "v1.6.0-alpha.0-1575-g9b7678f",
			"Rev": "9b7678f1086ce0f4980ecc78c7b6b20a97f8ee21"
		},
		{
			"ImportPath": "k8s.io/kubernetes/pkg/client/clientset_generated/internalclientset/typed/storage/internalversion",
			"Comment": "v1.6.0-alpha.0-1575-g9b7678f",
			"Rev": "9b7678f1086ce0f4980ecc78c7b6b20a97f8ee21"
		},
		{
			"ImportPath": "k8s.io/kubernetes/pkg/client/clientset_generated/internalclientset/typed/storage/internalversion/fake",
			"Comment": "v1.6.0-alpha.0-1575-g9b7678f",
			"Rev": "9b7678f1086ce0f4980ecc78c7b6b20a97f8ee21"
		},
		{
			"ImportPath": "k8s.io/kubernetes/pkg/client/clientset_generated/release_1_5",
			"Comment": "v1.6.0-alpha.0-1575-g9b7678f",
			"Rev": "9b7678f1086ce0f4980ecc78c7b6b20a97f8ee21"
		},
		{
			"ImportPath": "k8s.io/kubernetes/pkg/client/clientset_generated/release_1_5/fake",
			"Comment": "v1.6.0-alpha.0-1575-g9b7678f",
			"Rev": "9b7678f1086ce0f4980ecc78c7b6b20a97f8ee21"
		},
		{
			"ImportPath": "k8s.io/kubernetes/pkg/client/clientset_generated/release_1_5/typed/apps/v1beta1",
			"Comment": "v1.6.0-alpha.0-1575-g9b7678f",
			"Rev": "9b7678f1086ce0f4980ecc78c7b6b20a97f8ee21"
		},
		{
			"ImportPath": "k8s.io/kubernetes/pkg/client/clientset_generated/release_1_5/typed/apps/v1beta1/fake",
			"Comment": "v1.6.0-alpha.0-1575-g9b7678f",
			"Rev": "9b7678f1086ce0f4980ecc78c7b6b20a97f8ee21"
		},
		{
			"ImportPath": "k8s.io/kubernetes/pkg/client/clientset_generated/release_1_5/typed/authentication/v1beta1",
			"Comment": "v1.6.0-alpha.0-1575-g9b7678f",
			"Rev": "9b7678f1086ce0f4980ecc78c7b6b20a97f8ee21"
		},
		{
			"ImportPath": "k8s.io/kubernetes/pkg/client/clientset_generated/release_1_5/typed/authentication/v1beta1/fake",
			"Comment": "v1.6.0-alpha.0-1575-g9b7678f",
			"Rev": "9b7678f1086ce0f4980ecc78c7b6b20a97f8ee21"
		},
		{
			"ImportPath": "k8s.io/kubernetes/pkg/client/clientset_generated/release_1_5/typed/authorization/v1beta1",
			"Comment": "v1.6.0-alpha.0-1575-g9b7678f",
			"Rev": "9b7678f1086ce0f4980ecc78c7b6b20a97f8ee21"
		},
		{
			"ImportPath": "k8s.io/kubernetes/pkg/client/clientset_generated/release_1_5/typed/authorization/v1beta1/fake",
			"Comment": "v1.6.0-alpha.0-1575-g9b7678f",
			"Rev": "9b7678f1086ce0f4980ecc78c7b6b20a97f8ee21"
		},
		{
			"ImportPath": "k8s.io/kubernetes/pkg/client/clientset_generated/release_1_5/typed/autoscaling/v1",
			"Comment": "v1.6.0-alpha.0-1575-g9b7678f",
			"Rev": "9b7678f1086ce0f4980ecc78c7b6b20a97f8ee21"
		},
		{
			"ImportPath": "k8s.io/kubernetes/pkg/client/clientset_generated/release_1_5/typed/autoscaling/v1/fake",
			"Comment": "v1.6.0-alpha.0-1575-g9b7678f",
			"Rev": "9b7678f1086ce0f4980ecc78c7b6b20a97f8ee21"
		},
		{
			"ImportPath": "k8s.io/kubernetes/pkg/client/clientset_generated/release_1_5/typed/batch/v1",
			"Comment": "v1.6.0-alpha.0-1575-g9b7678f",
			"Rev": "9b7678f1086ce0f4980ecc78c7b6b20a97f8ee21"
		},
		{
			"ImportPath": "k8s.io/kubernetes/pkg/client/clientset_generated/release_1_5/typed/batch/v1/fake",
			"Comment": "v1.6.0-alpha.0-1575-g9b7678f",
			"Rev": "9b7678f1086ce0f4980ecc78c7b6b20a97f8ee21"
		},
		{
			"ImportPath": "k8s.io/kubernetes/pkg/client/clientset_generated/release_1_5/typed/batch/v2alpha1",
			"Comment": "v1.6.0-alpha.0-1575-g9b7678f",
			"Rev": "9b7678f1086ce0f4980ecc78c7b6b20a97f8ee21"
		},
		{
			"ImportPath": "k8s.io/kubernetes/pkg/client/clientset_generated/release_1_5/typed/batch/v2alpha1/fake",
			"Comment": "v1.6.0-alpha.0-1575-g9b7678f",
			"Rev": "9b7678f1086ce0f4980ecc78c7b6b20a97f8ee21"
		},
		{
			"ImportPath": "k8s.io/kubernetes/pkg/client/clientset_generated/release_1_5/typed/certificates/v1alpha1",
			"Comment": "v1.6.0-alpha.0-1575-g9b7678f",
			"Rev": "9b7678f1086ce0f4980ecc78c7b6b20a97f8ee21"
		},
		{
			"ImportPath": "k8s.io/kubernetes/pkg/client/clientset_generated/release_1_5/typed/certificates/v1alpha1/fake",
			"Comment": "v1.6.0-alpha.0-1575-g9b7678f",
			"Rev": "9b7678f1086ce0f4980ecc78c7b6b20a97f8ee21"
		},
		{
			"ImportPath": "k8s.io/kubernetes/pkg/client/clientset_generated/release_1_5/typed/core/v1",
			"Comment": "v1.6.0-alpha.0-1575-g9b7678f",
			"Rev": "9b7678f1086ce0f4980ecc78c7b6b20a97f8ee21"
		},
		{
			"ImportPath": "k8s.io/kubernetes/pkg/client/clientset_generated/release_1_5/typed/core/v1/fake",
			"Comment": "v1.6.0-alpha.0-1575-g9b7678f",
			"Rev": "9b7678f1086ce0f4980ecc78c7b6b20a97f8ee21"
		},
		{
			"ImportPath": "k8s.io/kubernetes/pkg/client/clientset_generated/release_1_5/typed/extensions/v1beta1",
			"Comment": "v1.6.0-alpha.0-1575-g9b7678f",
			"Rev": "9b7678f1086ce0f4980ecc78c7b6b20a97f8ee21"
		},
		{
			"ImportPath": "k8s.io/kubernetes/pkg/client/clientset_generated/release_1_5/typed/extensions/v1beta1/fake",
			"Comment": "v1.6.0-alpha.0-1575-g9b7678f",
			"Rev": "9b7678f1086ce0f4980ecc78c7b6b20a97f8ee21"
		},
		{
			"ImportPath": "k8s.io/kubernetes/pkg/client/clientset_generated/release_1_5/typed/policy/v1beta1",
			"Comment": "v1.6.0-alpha.0-1575-g9b7678f",
			"Rev": "9b7678f1086ce0f4980ecc78c7b6b20a97f8ee21"
		},
		{
			"ImportPath": "k8s.io/kubernetes/pkg/client/clientset_generated/release_1_5/typed/policy/v1beta1/fake",
			"Comment": "v1.6.0-alpha.0-1575-g9b7678f",
			"Rev": "9b7678f1086ce0f4980ecc78c7b6b20a97f8ee21"
		},
		{
			"ImportPath": "k8s.io/kubernetes/pkg/client/clientset_generated/release_1_5/typed/rbac/v1alpha1",
			"Comment": "v1.6.0-alpha.0-1575-g9b7678f",
			"Rev": "9b7678f1086ce0f4980ecc78c7b6b20a97f8ee21"
		},
		{
			"ImportPath": "k8s.io/kubernetes/pkg/client/clientset_generated/release_1_5/typed/rbac/v1alpha1/fake",
			"Comment": "v1.6.0-alpha.0-1575-g9b7678f",
			"Rev": "9b7678f1086ce0f4980ecc78c7b6b20a97f8ee21"
		},
		{
			"ImportPath": "k8s.io/kubernetes/pkg/client/clientset_generated/release_1_5/typed/storage/v1beta1",
			"Comment": "v1.6.0-alpha.0-1575-g9b7678f",
			"Rev": "9b7678f1086ce0f4980ecc78c7b6b20a97f8ee21"
		},
		{
			"ImportPath": "k8s.io/kubernetes/pkg/client/clientset_generated/release_1_5/typed/storage/v1beta1/fake",
			"Comment": "v1.6.0-alpha.0-1575-g9b7678f",
			"Rev": "9b7678f1086ce0f4980ecc78c7b6b20a97f8ee21"
		},
		{
			"ImportPath": "k8s.io/kubernetes/pkg/client/leaderelection",
			"Comment": "v1.6.0-alpha.0-1575-g9b7678f",
			"Rev": "9b7678f1086ce0f4980ecc78c7b6b20a97f8ee21"
		},
		{
			"ImportPath": "k8s.io/kubernetes/pkg/client/leaderelection/resourcelock",
			"Comment": "v1.6.0-alpha.0-1575-g9b7678f",
			"Rev": "9b7678f1086ce0f4980ecc78c7b6b20a97f8ee21"
		},
		{
			"ImportPath": "k8s.io/kubernetes/pkg/client/listers/batch/v1",
			"Comment": "v1.6.0-alpha.0-1575-g9b7678f",
			"Rev": "9b7678f1086ce0f4980ecc78c7b6b20a97f8ee21"
		},
		{
			"ImportPath": "k8s.io/kubernetes/pkg/client/listers/core/internalversion",
			"Comment": "v1.6.0-alpha.0-1575-g9b7678f",
			"Rev": "9b7678f1086ce0f4980ecc78c7b6b20a97f8ee21"
		},
		{
			"ImportPath": "k8s.io/kubernetes/pkg/client/metrics",
			"Comment": "v1.6.0-alpha.0-1575-g9b7678f",
			"Rev": "9b7678f1086ce0f4980ecc78c7b6b20a97f8ee21"
		},
		{
			"ImportPath": "k8s.io/kubernetes/pkg/client/record",
			"Comment": "v1.6.0-alpha.0-1575-g9b7678f",
			"Rev": "9b7678f1086ce0f4980ecc78c7b6b20a97f8ee21"
		},
		{
			"ImportPath": "k8s.io/kubernetes/pkg/client/restclient",
			"Comment": "v1.6.0-alpha.0-1575-g9b7678f",
			"Rev": "9b7678f1086ce0f4980ecc78c7b6b20a97f8ee21"
		},
		{
			"ImportPath": "k8s.io/kubernetes/pkg/client/testing/core",
			"Comment": "v1.6.0-alpha.0-1575-g9b7678f",
			"Rev": "9b7678f1086ce0f4980ecc78c7b6b20a97f8ee21"
		},
		{
			"ImportPath": "k8s.io/kubernetes/pkg/client/transport",
			"Comment": "v1.6.0-alpha.0-1575-g9b7678f",
			"Rev": "9b7678f1086ce0f4980ecc78c7b6b20a97f8ee21"
		},
		{
			"ImportPath": "k8s.io/kubernetes/pkg/client/typed/discovery",
			"Comment": "v1.6.0-alpha.0-1575-g9b7678f",
			"Rev": "9b7678f1086ce0f4980ecc78c7b6b20a97f8ee21"
		},
		{
			"ImportPath": "k8s.io/kubernetes/pkg/client/typed/discovery/fake",
			"Comment": "v1.6.0-alpha.0-1575-g9b7678f",
			"Rev": "9b7678f1086ce0f4980ecc78c7b6b20a97f8ee21"
		},
		{
			"ImportPath": "k8s.io/kubernetes/pkg/client/unversioned/auth",
			"Comment": "v1.6.0-alpha.0-1575-g9b7678f",
			"Rev": "9b7678f1086ce0f4980ecc78c7b6b20a97f8ee21"
		},
		{
			"ImportPath": "k8s.io/kubernetes/pkg/client/unversioned/clientcmd",
			"Comment": "v1.6.0-alpha.0-1575-g9b7678f",
			"Rev": "9b7678f1086ce0f4980ecc78c7b6b20a97f8ee21"
		},
		{
			"ImportPath": "k8s.io/kubernetes/pkg/client/unversioned/clientcmd/api",
			"Comment": "v1.6.0-alpha.0-1575-g9b7678f",
			"Rev": "9b7678f1086ce0f4980ecc78c7b6b20a97f8ee21"
		},
		{
			"ImportPath": "k8s.io/kubernetes/pkg/client/unversioned/clientcmd/api/latest",
			"Comment": "v1.6.0-alpha.0-1575-g9b7678f",
			"Rev": "9b7678f1086ce0f4980ecc78c7b6b20a97f8ee21"
		},
		{
			"ImportPath": "k8s.io/kubernetes/pkg/client/unversioned/clientcmd/api/v1",
			"Comment": "v1.6.0-alpha.0-1575-g9b7678f",
			"Rev": "9b7678f1086ce0f4980ecc78c7b6b20a97f8ee21"
		},
		{
			"ImportPath": "k8s.io/kubernetes/pkg/cloudprovider",
			"Comment": "v1.6.0-alpha.0-1575-g9b7678f",
			"Rev": "9b7678f1086ce0f4980ecc78c7b6b20a97f8ee21"
		},
		{
			"ImportPath": "k8s.io/kubernetes/pkg/cloudprovider/providers/aws",
			"Comment": "v1.6.0-alpha.0-1575-g9b7678f",
			"Rev": "9b7678f1086ce0f4980ecc78c7b6b20a97f8ee21"
		},
		{
			"ImportPath": "k8s.io/kubernetes/pkg/cloudprovider/providers/gce",
			"Comment": "v1.6.0-alpha.0-1575-g9b7678f",
			"Rev": "9b7678f1086ce0f4980ecc78c7b6b20a97f8ee21"
		},
		{
			"ImportPath": "k8s.io/kubernetes/pkg/controller/informers",
			"Comment": "v1.6.0-alpha.0-1575-g9b7678f",
			"Rev": "9b7678f1086ce0f4980ecc78c7b6b20a97f8ee21"
		},
		{
			"ImportPath": "k8s.io/kubernetes/pkg/conversion",
			"Comment": "v1.6.0-alpha.0-1575-g9b7678f",
			"Rev": "9b7678f1086ce0f4980ecc78c7b6b20a97f8ee21"
		},
		{
			"ImportPath": "k8s.io/kubernetes/pkg/conversion/queryparams",
			"Comment": "v1.6.0-alpha.0-1575-g9b7678f",
			"Rev": "9b7678f1086ce0f4980ecc78c7b6b20a97f8ee21"
		},
		{
			"ImportPath": "k8s.io/kubernetes/pkg/credentialprovider",
			"Comment": "v1.6.0-alpha.0-1575-g9b7678f",
			"Rev": "9b7678f1086ce0f4980ecc78c7b6b20a97f8ee21"
		},
		{
			"ImportPath": "k8s.io/kubernetes/pkg/credentialprovider/aws",
			"Comment": "v1.6.0-alpha.0-1575-g9b7678f",
			"Rev": "9b7678f1086ce0f4980ecc78c7b6b20a97f8ee21"
		},
		{
			"ImportPath": "k8s.io/kubernetes/pkg/fields",
			"Comment": "v1.6.0-alpha.0-1575-g9b7678f",
			"Rev": "9b7678f1086ce0f4980ecc78c7b6b20a97f8ee21"
		},
		{
			"ImportPath": "k8s.io/kubernetes/pkg/genericapiserver/openapi/common",
			"Comment": "v1.6.0-alpha.0-1575-g9b7678f",
			"Rev": "9b7678f1086ce0f4980ecc78c7b6b20a97f8ee21"
		},
		{
			"ImportPath": "k8s.io/kubernetes/pkg/kubelet/qos",
			"Comment": "v1.6.0-alpha.0-1575-g9b7678f",
			"Rev": "9b7678f1086ce0f4980ecc78c7b6b20a97f8ee21"
		},
		{
			"ImportPath": "k8s.io/kubernetes/pkg/kubelet/types",
			"Comment": "v1.6.0-alpha.0-1575-g9b7678f",
			"Rev": "9b7678f1086ce0f4980ecc78c7b6b20a97f8ee21"
		},
		{
			"ImportPath": "k8s.io/kubernetes/pkg/labels",
			"Comment": "v1.6.0-alpha.0-1575-g9b7678f",
			"Rev": "9b7678f1086ce0f4980ecc78c7b6b20a97f8ee21"
		},
		{
			"ImportPath": "k8s.io/kubernetes/pkg/master/ports",
			"Comment": "v1.6.0-alpha.0-1575-g9b7678f",
			"Rev": "9b7678f1086ce0f4980ecc78c7b6b20a97f8ee21"
		},
		{
			"ImportPath": "k8s.io/kubernetes/pkg/runtime",
			"Comment": "v1.6.0-alpha.0-1575-g9b7678f",
			"Rev": "9b7678f1086ce0f4980ecc78c7b6b20a97f8ee21"
		},
		{
			"ImportPath": "k8s.io/kubernetes/pkg/runtime/schema",
			"Comment": "v1.6.0-alpha.0-1575-g9b7678f",
			"Rev": "9b7678f1086ce0f4980ecc78c7b6b20a97f8ee21"
		},
		{
			"ImportPath": "k8s.io/kubernetes/pkg/runtime/serializer",
			"Comment": "v1.6.0-alpha.0-1575-g9b7678f",
			"Rev": "9b7678f1086ce0f4980ecc78c7b6b20a97f8ee21"
		},
		{
			"ImportPath": "k8s.io/kubernetes/pkg/runtime/serializer/json",
			"Comment": "v1.6.0-alpha.0-1575-g9b7678f",
			"Rev": "9b7678f1086ce0f4980ecc78c7b6b20a97f8ee21"
		},
		{
			"ImportPath": "k8s.io/kubernetes/pkg/runtime/serializer/protobuf",
			"Comment": "v1.6.0-alpha.0-1575-g9b7678f",
			"Rev": "9b7678f1086ce0f4980ecc78c7b6b20a97f8ee21"
		},
		{
			"ImportPath": "k8s.io/kubernetes/pkg/runtime/serializer/recognizer",
			"Comment": "v1.6.0-alpha.0-1575-g9b7678f",
			"Rev": "9b7678f1086ce0f4980ecc78c7b6b20a97f8ee21"
		},
		{
			"ImportPath": "k8s.io/kubernetes/pkg/runtime/serializer/streaming",
			"Comment": "v1.6.0-alpha.0-1575-g9b7678f",
			"Rev": "9b7678f1086ce0f4980ecc78c7b6b20a97f8ee21"
		},
		{
			"ImportPath": "k8s.io/kubernetes/pkg/runtime/serializer/versioning",
			"Comment": "v1.6.0-alpha.0-1575-g9b7678f",
			"Rev": "9b7678f1086ce0f4980ecc78c7b6b20a97f8ee21"
		},
		{
			"ImportPath": "k8s.io/kubernetes/pkg/selection",
			"Comment": "v1.6.0-alpha.0-1575-g9b7678f",
			"Rev": "9b7678f1086ce0f4980ecc78c7b6b20a97f8ee21"
		},
		{
			"ImportPath": "k8s.io/kubernetes/pkg/types",
			"Comment": "v1.6.0-alpha.0-1575-g9b7678f",
			"Rev": "9b7678f1086ce0f4980ecc78c7b6b20a97f8ee21"
		},
		{
			"ImportPath": "k8s.io/kubernetes/pkg/util",
			"Comment": "v1.6.0-alpha.0-1575-g9b7678f",
			"Rev": "9b7678f1086ce0f4980ecc78c7b6b20a97f8ee21"
		},
		{
			"ImportPath": "k8s.io/kubernetes/pkg/util/cert",
			"Comment": "v1.6.0-alpha.0-1575-g9b7678f",
			"Rev": "9b7678f1086ce0f4980ecc78c7b6b20a97f8ee21"
		},
		{
			"ImportPath": "k8s.io/kubernetes/pkg/util/chmod",
			"Comment": "v1.6.0-alpha.0-1575-g9b7678f",
			"Rev": "9b7678f1086ce0f4980ecc78c7b6b20a97f8ee21"
		},
		{
			"ImportPath": "k8s.io/kubernetes/pkg/util/chown",
			"Comment": "v1.6.0-alpha.0-1575-g9b7678f",
			"Rev": "9b7678f1086ce0f4980ecc78c7b6b20a97f8ee21"
		},
		{
			"ImportPath": "k8s.io/kubernetes/pkg/util/clock",
			"Comment": "v1.6.0-alpha.0-1575-g9b7678f",
			"Rev": "9b7678f1086ce0f4980ecc78c7b6b20a97f8ee21"
		},
		{
			"ImportPath": "k8s.io/kubernetes/pkg/util/config",
			"Comment": "v1.6.0-alpha.0-1575-g9b7678f",
			"Rev": "9b7678f1086ce0f4980ecc78c7b6b20a97f8ee21"
		},
		{
			"ImportPath": "k8s.io/kubernetes/pkg/util/diff",
			"Comment": "v1.6.0-alpha.0-1575-g9b7678f",
			"Rev": "9b7678f1086ce0f4980ecc78c7b6b20a97f8ee21"
		},
		{
			"ImportPath": "k8s.io/kubernetes/pkg/util/errors",
			"Comment": "v1.6.0-alpha.0-1575-g9b7678f",
			"Rev": "9b7678f1086ce0f4980ecc78c7b6b20a97f8ee21"
		},
		{
			"ImportPath": "k8s.io/kubernetes/pkg/util/exec",
			"Comment": "v1.6.0-alpha.0-1575-g9b7678f",
			"Rev": "9b7678f1086ce0f4980ecc78c7b6b20a97f8ee21"
		},
		{
			"ImportPath": "k8s.io/kubernetes/pkg/util/flag",
			"Comment": "v1.6.0-alpha.0-1575-g9b7678f",
			"Rev": "9b7678f1086ce0f4980ecc78c7b6b20a97f8ee21"
		},
		{
			"ImportPath": "k8s.io/kubernetes/pkg/util/flowcontrol",
			"Comment": "v1.6.0-alpha.0-1575-g9b7678f",
			"Rev": "9b7678f1086ce0f4980ecc78c7b6b20a97f8ee21"
		},
		{
			"ImportPath": "k8s.io/kubernetes/pkg/util/framer",
			"Comment": "v1.6.0-alpha.0-1575-g9b7678f",
			"Rev": "9b7678f1086ce0f4980ecc78c7b6b20a97f8ee21"
		},
		{
			"ImportPath": "k8s.io/kubernetes/pkg/util/hash",
			"Comment": "v1.6.0-alpha.0-1575-g9b7678f",
			"Rev": "9b7678f1086ce0f4980ecc78c7b6b20a97f8ee21"
		},
		{
			"ImportPath": "k8s.io/kubernetes/pkg/util/homedir",
			"Comment": "v1.6.0-alpha.0-1575-g9b7678f",
			"Rev": "9b7678f1086ce0f4980ecc78c7b6b20a97f8ee21"
		},
		{
			"ImportPath": "k8s.io/kubernetes/pkg/util/integer",
			"Comment": "v1.6.0-alpha.0-1575-g9b7678f",
			"Rev": "9b7678f1086ce0f4980ecc78c7b6b20a97f8ee21"
		},
		{
			"ImportPath": "k8s.io/kubernetes/pkg/util/intstr",
			"Comment": "v1.6.0-alpha.0-1575-g9b7678f",
			"Rev": "9b7678f1086ce0f4980ecc78c7b6b20a97f8ee21"
		},
		{
			"ImportPath": "k8s.io/kubernetes/pkg/util/io",
			"Comment": "v1.6.0-alpha.0-1575-g9b7678f",
			"Rev": "9b7678f1086ce0f4980ecc78c7b6b20a97f8ee21"
		},
		{
			"ImportPath": "k8s.io/kubernetes/pkg/util/json",
			"Comment": "v1.6.0-alpha.0-1575-g9b7678f",
			"Rev": "9b7678f1086ce0f4980ecc78c7b6b20a97f8ee21"
		},
		{
			"ImportPath": "k8s.io/kubernetes/pkg/util/jsonpath",
			"Comment": "v1.6.0-alpha.0-1575-g9b7678f",
			"Rev": "9b7678f1086ce0f4980ecc78c7b6b20a97f8ee21"
		},
		{
			"ImportPath": "k8s.io/kubernetes/pkg/util/labels",
			"Comment": "v1.6.0-alpha.0-1575-g9b7678f",
			"Rev": "9b7678f1086ce0f4980ecc78c7b6b20a97f8ee21"
		},
		{
			"ImportPath": "k8s.io/kubernetes/pkg/util/mount",
			"Comment": "v1.6.0-alpha.0-1575-g9b7678f",
			"Rev": "9b7678f1086ce0f4980ecc78c7b6b20a97f8ee21"
		},
		{
			"ImportPath": "k8s.io/kubernetes/pkg/util/net",
			"Comment": "v1.6.0-alpha.0-1575-g9b7678f",
			"Rev": "9b7678f1086ce0f4980ecc78c7b6b20a97f8ee21"
		},
		{
			"ImportPath": "k8s.io/kubernetes/pkg/util/net/sets",
			"Comment": "v1.6.0-alpha.0-1575-g9b7678f",
			"Rev": "9b7678f1086ce0f4980ecc78c7b6b20a97f8ee21"
		},
		{
			"ImportPath": "k8s.io/kubernetes/pkg/util/node",
			"Comment": "v1.6.0-alpha.0-1575-g9b7678f",
			"Rev": "9b7678f1086ce0f4980ecc78c7b6b20a97f8ee21"
		},
		{
			"ImportPath": "k8s.io/kubernetes/pkg/util/parsers",
			"Comment": "v1.6.0-alpha.0-1575-g9b7678f",
			"Rev": "9b7678f1086ce0f4980ecc78c7b6b20a97f8ee21"
		},
		{
			"ImportPath": "k8s.io/kubernetes/pkg/util/rand",
			"Comment": "v1.6.0-alpha.0-1575-g9b7678f",
			"Rev": "9b7678f1086ce0f4980ecc78c7b6b20a97f8ee21"
		},
		{
			"ImportPath": "k8s.io/kubernetes/pkg/util/ratelimit",
			"Comment": "v1.6.0-alpha.0-1575-g9b7678f",
			"Rev": "9b7678f1086ce0f4980ecc78c7b6b20a97f8ee21"
		},
		{
			"ImportPath": "k8s.io/kubernetes/pkg/util/runtime",
			"Comment": "v1.6.0-alpha.0-1575-g9b7678f",
			"Rev": "9b7678f1086ce0f4980ecc78c7b6b20a97f8ee21"
		},
		{
			"ImportPath": "k8s.io/kubernetes/pkg/util/sets",
			"Comment": "v1.6.0-alpha.0-1575-g9b7678f",
			"Rev": "9b7678f1086ce0f4980ecc78c7b6b20a97f8ee21"
		},
		{
			"ImportPath": "k8s.io/kubernetes/pkg/util/strategicpatch",
			"Comment": "v1.6.0-alpha.0-1575-g9b7678f",
			"Rev": "9b7678f1086ce0f4980ecc78c7b6b20a97f8ee21"
		},
		{
			"ImportPath": "k8s.io/kubernetes/pkg/util/uuid",
			"Comment": "v1.6.0-alpha.0-1575-g9b7678f",
			"Rev": "9b7678f1086ce0f4980ecc78c7b6b20a97f8ee21"
		},
		{
			"ImportPath": "k8s.io/kubernetes/pkg/util/validation",
			"Comment": "v1.6.0-alpha.0-1575-g9b7678f",
			"Rev": "9b7678f1086ce0f4980ecc78c7b6b20a97f8ee21"
		},
		{
			"ImportPath": "k8s.io/kubernetes/pkg/util/validation/field",
			"Comment": "v1.6.0-alpha.0-1575-g9b7678f",
			"Rev": "9b7678f1086ce0f4980ecc78c7b6b20a97f8ee21"
		},
		{
			"ImportPath": "k8s.io/kubernetes/pkg/util/wait",
			"Comment": "v1.6.0-alpha.0-1575-g9b7678f",
			"Rev": "9b7678f1086ce0f4980ecc78c7b6b20a97f8ee21"
		},
		{
			"ImportPath": "k8s.io/kubernetes/pkg/util/workqueue",
			"Comment": "v1.6.0-alpha.0-1575-g9b7678f",
			"Rev": "9b7678f1086ce0f4980ecc78c7b6b20a97f8ee21"
		},
		{
			"ImportPath": "k8s.io/kubernetes/pkg/util/yaml",
			"Comment": "v1.6.0-alpha.0-1575-g9b7678f",
			"Rev": "9b7678f1086ce0f4980ecc78c7b6b20a97f8ee21"
		},
		{
			"ImportPath": "k8s.io/kubernetes/pkg/version",
			"Comment": "v1.6.0-alpha.0-1575-g9b7678f",
			"Rev": "9b7678f1086ce0f4980ecc78c7b6b20a97f8ee21"
		},
		{
			"ImportPath": "k8s.io/kubernetes/pkg/volume",
			"Comment": "v1.6.0-alpha.0-1575-g9b7678f",
			"Rev": "9b7678f1086ce0f4980ecc78c7b6b20a97f8ee21"
		},
		{
			"ImportPath": "k8s.io/kubernetes/pkg/volume/util",
			"Comment": "v1.6.0-alpha.0-1575-g9b7678f",
			"Rev": "9b7678f1086ce0f4980ecc78c7b6b20a97f8ee21"
		},
		{
			"ImportPath": "k8s.io/kubernetes/pkg/watch",
			"Comment": "v1.6.0-alpha.0-1575-g9b7678f",
			"Rev": "9b7678f1086ce0f4980ecc78c7b6b20a97f8ee21"
		},
		{
			"ImportPath": "k8s.io/kubernetes/pkg/watch/versioned",
			"Comment": "v1.6.0-alpha.0-1575-g9b7678f",
			"Rev": "9b7678f1086ce0f4980ecc78c7b6b20a97f8ee21"
		},
		{
			"ImportPath": "k8s.io/kubernetes/plugin/pkg/client/auth",
			"Comment": "v1.6.0-alpha.0-1575-g9b7678f",
			"Rev": "9b7678f1086ce0f4980ecc78c7b6b20a97f8ee21"
		},
		{
			"ImportPath": "k8s.io/kubernetes/plugin/pkg/client/auth/gcp",
			"Comment": "v1.6.0-alpha.0-1575-g9b7678f",
			"Rev": "9b7678f1086ce0f4980ecc78c7b6b20a97f8ee21"
		},
		{
			"ImportPath": "k8s.io/kubernetes/plugin/pkg/client/auth/oidc",
			"Comment": "v1.6.0-alpha.0-1575-g9b7678f",
			"Rev": "9b7678f1086ce0f4980ecc78c7b6b20a97f8ee21"
		},
		{
			"ImportPath": "k8s.io/kubernetes/plugin/pkg/scheduler",
			"Comment": "v1.6.0-alpha.0-1575-g9b7678f",
			"Rev": "9b7678f1086ce0f4980ecc78c7b6b20a97f8ee21"
		},
		{
			"ImportPath": "k8s.io/kubernetes/plugin/pkg/scheduler/algorithm",
			"Comment": "v1.6.0-alpha.0-1575-g9b7678f",
			"Rev": "9b7678f1086ce0f4980ecc78c7b6b20a97f8ee21"
		},
		{
			"ImportPath": "k8s.io/kubernetes/plugin/pkg/scheduler/algorithm/predicates",
			"Comment": "v1.6.0-alpha.0-1575-g9b7678f",
			"Rev": "9b7678f1086ce0f4980ecc78c7b6b20a97f8ee21"
		},
		{
			"ImportPath": "k8s.io/kubernetes/plugin/pkg/scheduler/algorithm/priorities",
			"Comment": "v1.6.0-alpha.0-1575-g9b7678f",
			"Rev": "9b7678f1086ce0f4980ecc78c7b6b20a97f8ee21"
		},
		{
			"ImportPath": "k8s.io/kubernetes/plugin/pkg/scheduler/algorithm/priorities/util",
			"Comment": "v1.6.0-alpha.0-1575-g9b7678f",
			"Rev": "9b7678f1086ce0f4980ecc78c7b6b20a97f8ee21"
		},
		{
			"ImportPath": "k8s.io/kubernetes/plugin/pkg/scheduler/algorithmprovider",
			"Comment": "v1.6.0-alpha.0-1575-g9b7678f",
			"Rev": "9b7678f1086ce0f4980ecc78c7b6b20a97f8ee21"
		},
		{
			"ImportPath": "k8s.io/kubernetes/plugin/pkg/scheduler/algorithmprovider/defaults",
			"Comment": "v1.6.0-alpha.0-1575-g9b7678f",
			"Rev": "9b7678f1086ce0f4980ecc78c7b6b20a97f8ee21"
		},
		{
			"ImportPath": "k8s.io/kubernetes/plugin/pkg/scheduler/api",
			"Comment": "v1.6.0-alpha.0-1575-g9b7678f",
			"Rev": "9b7678f1086ce0f4980ecc78c7b6b20a97f8ee21"
		},
		{
			"ImportPath": "k8s.io/kubernetes/plugin/pkg/scheduler/api/validation",
			"Comment": "v1.6.0-alpha.0-1575-g9b7678f",
			"Rev": "9b7678f1086ce0f4980ecc78c7b6b20a97f8ee21"
		},
		{
			"ImportPath": "k8s.io/kubernetes/plugin/pkg/scheduler/factory",
			"Comment": "v1.6.0-alpha.0-1575-g9b7678f",
			"Rev": "9b7678f1086ce0f4980ecc78c7b6b20a97f8ee21"
		},
		{
			"ImportPath": "k8s.io/kubernetes/plugin/pkg/scheduler/metrics",
			"Comment": "v1.6.0-alpha.0-1575-g9b7678f",
			"Rev": "9b7678f1086ce0f4980ecc78c7b6b20a97f8ee21"
		},
		{
			"ImportPath": "k8s.io/kubernetes/plugin/pkg/scheduler/schedulercache",
			"Comment": "v1.6.0-alpha.0-1575-g9b7678f",
			"Rev": "9b7678f1086ce0f4980ecc78c7b6b20a97f8ee21"
		},
		{
			"ImportPath": "k8s.io/kubernetes/third_party/forked/golang/json",
			"Comment": "v1.6.0-alpha.0-1575-g9b7678f",
			"Rev": "9b7678f1086ce0f4980ecc78c7b6b20a97f8ee21"
		},
		{
			"ImportPath": "k8s.io/kubernetes/third_party/forked/golang/reflect",
			"Comment": "v1.6.0-alpha.0-1575-g9b7678f",
			"Rev": "9b7678f1086ce0f4980ecc78c7b6b20a97f8ee21"
		},
		{
			"ImportPath": "k8s.io/kubernetes/third_party/forked/golang/template",
			"Comment": "v1.6.0-alpha.0-1575-g9b7678f",
			"Rev": "9b7678f1086ce0f4980ecc78c7b6b20a97f8ee21"
		}
	]
}
